freq,corr1,corr2,corr3,corr4,corr5,corr6,corr7,corr8,corr9,corr10,corr11,corr12,corr13,corr14,corr15,corr16,corr17,corr18,corr19,corr20,corr21,corr22,corr23,corr24,corr25,corr26,corr27,corr28,corr29,corr30,corr31,corr32,corr33,corr34,corr35,corr36,corr37,corr38,corr39,corr40,corr41,corr42,corr43,corr44,corr45,corr46,corr47,corr48,corr49,corr50,corr51,corr52,corr53,corr54,corr55,corr56,corr57,corr58,corr59,corr60,corr61,corr62,corr63,corr64,corr65,corr66,corr67,corr68,corr69,corr70,corr71,corr72,corr73,corr74,corr75,corr76,corr77,corr78,corr79,corr80,corr81,corr82,corr83,corr84,corr85,corr86,corr87,corr88,corr89,corr90,corr91,corr92,corr93,corr94,corr95,corr96,corr97,corr98,corr99,corr100,sum
0.0,7.66053886991358e-15,1.6653345369377348e-15,7.771561172376096e-15,5.773159728050814e-15,1.3322676295501878e-15,9.769962616701378e-15,2.9976021664879227e-15,5.218048215738236e-15,6.8833827526759706e-15,8.104628079763643e-15,4.440892098500626e-15,1.887379141862766e-15,2.9976021664879227e-15,6.661338147750939e-15,2.4424906541753444e-15,1.0658141036401503e-14,7.771561172376096e-16,9.103828801926284e-15,1.0436096431476471e-14,2.1094237467877974e-15,1.27675647831893e-14,9.547918011776346e-15,4.218847493575595e-15,1.9761969838327786e-14,6.217248937900877e-15,6.772360450213455e-15,8.992806499463768e-15,8.659739592076221e-15,4.440892098500626e-16,4.551914400963142e-15,1.1102230246251565e-14,7.882583474838611e-15,5.551115123125783e-16,3.885780586188048e-15,6.8833827526759706e-15,1.2212453270876722e-15,1.2212453270876722e-14,5.995204332975845e-15,5.773159728050814e-15,2.9976021664879227e-15,3.141931159689193e-14,1.5543122344752192e-15,7.771561172376096e-16,1.609823385706477e-14,6.994405055138486e-15,3.774758283725532e-15,8.881784197001252e-16,2.886579864025407e-15,7.549516567451064e-15,8.992806499463768e-15,1.3766765505351941e-14,1.1435297153639112e-14,5.88418203051333e-15,8.881784197001252e-16,1.6653345369377348e-15,2.3314683517128287e-15,3.4416913763379853e-15,5.551115123125783e-16,7.105427357601002e-15,6.5503158452884236e-15,9.103828801926284e-15,6.772360450213455e-15,9.658940314238862e-15,1.0769163338864018e-14,1.3766765505351941e-14,1.7430501486614958e-14,2.220446049250313e-16,4.773959005888173e-15,4.218847493575595e-15,2.1094237467877974e-15,1.0769163338864018e-14,1.1102230246251565e-15,0.0,4.551914400963142e-15,1.0325074129013956e-14,1.587618925213974e-14,5.551115123125783e-15,2.5646151868841116e-14,1.554312234475219e-14,6.328271240363392e-15,5.88418203051333e-15,6.8833827526759706e-15,3.552713678800501e-15,2.4424906541753444e-15,4.440892098500626e-15,1.1102230246251565e-15,1.8318679906315083e-14,1.2434497875801753e-14,1.1324274851176597e-14,3.3306690738754696e-16,4.3298697960381105e-15,1.3655743202889425e-14,1.1102230246251565e-16,1.2545520178264269e-14,9.103828801926284e-15,1.9984014443252818e-15,2.1094237467877974e-15,6.661338147750939e-15,8.659739592076221e-15,3.885780586188048e-15,6.880052083602095e-13
0.10101010101010101,0.31515914312487253,0.6187377438877125,0.10030992569457055,0.32956579766675365,4.813847730933173,0.5113106483124171,0.4675566463964493,0.07899953362590911,1.0401219683066407,1.029628687592454,0.6035732029222598,1.211613834401128,0.7360075498401605,0.5548842617003445,1.840215382808855,0.9154859925155517,0.24222778197505312,0.46362081419502416,0.7289702425793285,0.9152246084502794,1.1035177210900622,1.1591247272247693,0.4531300429347392,0.7033781148782418,0.400943622306254,0.3470613561347072,1.5945284219884905,2.4236591919788935,0.9590587404053088,0.5139970370781127,0.6986319337525088,0.807118795119063,0.24409831275827387,0.6304735851122701,2.050572820039126,1.0448814169514844,0.8939848158553998,1.3149956521286301,0.6064359016950491,0.6097958736969921,0.308930826924211,0.533780441374555,0.7539050652833408,1.370616957935247,0.7787022358954323,0.2974276003175739,0.3143469602802538,0.1956969162555515,0.5796478166622232,1.0250275494052394,0.2520226039408489,0.4812618299614365,1.3654656189442238,1.1172713396563385,0.4902011317394371,0.19613101745190245,0.7516431325951172,1.580937281227707,1.732979414482499,0.4229550607227681,0.7723634100072109,0.2621319527619117,0.5475426819989565,0.351351312166248,0.5422397432249463,0.3342314484817012,0.8031215144718662,0.39351136343211474,0.8460753948707033,0.622161001208054,0.20987202253875112,0.6086732038811828,0.42259024745318113,0.7315539683864176,0.1997867606364587,0.4128376815543982,0.3385320986571261,1.394147748849805,0.12613594291633212,0.1626413992531182,0.24555017577523033,0.589641614732239,0.7838791311033573,0.044464658686477254,0.5113936933727269,0.4726697480231947,1.913495122990769,0.6944511649840269,0.3665761841171539,0.5537974060243438,0.12339565118040631,0.5257143634928966,1.4174373407176113,0.8458732589849527,1.1326335972016566,0.7659389238541644,0.9402665321114615,0.5463931510425392,0.6386077147731861,0.5101222140570655,74.32920292508915
0.20202020202020202,0.33763356728852173,0.46616129667138356,0.8994585500540846,0.505643407068055,0.304748509446002,0.5042779973702842,0.49786783882019064,0.7702961151003298,0.8279993353378283,0.2965570703533807,0.2998256311094269,1.5821301479794092,0.49610314354225343,1.0168979776287441,2.8260552208297036,0.9236039784290682,1.1600472670597353,0.7653283070836175,0.7150305448865443,2.1207433654756107,0.8080264922259669,0.792629494474219,0.5330169711593671,0.7395584274696986,0.40784771619389315,0.2439997644491832,0.425347464040285,0.2410222142360633,0.9721378130235689,0.9465394614757057,0.7327756387315847,1.1032575798690227,1.1666377755080646,1.3775905159246635,3.1920139771002036,0.9618829078914188,0.23169968150723996,0.8815097581077732,0.3789538489788447,1.076172895128628,0.34530242861466703,1.0197362970485688,0.5842812246442298,0.09099552345955503,0.7817095742771085,1.0400702306332799,1.2541200812590392,0.5810689840029332,0.6718928793490111,1.2884718251930287,0.6871976064744768,0.3983783823802537,0.8433777298947287,1.0077614365430656,0.44286175258815114,1.211935408047437,0.7027261081457536,1.2448005417393053,1.8883996088518122,0.5742796947741279,0.28415886122633194,1.1765981351960864,1.5141792650581611,0.4829825222632132,0.5797664400365543,0.2989060158444925,0.6149984342807774,0.3969095210227382,0.3555694084372628,0.5886522021912783,0.30741279802982746,0.20666931318307388,1.6351571853602802,0.08681448584627711,0.4879818826619945,0.04688167553759404,0.6957098681771847,2.4153351438038073,0.31168413054536515,0.38443662180031385,0.04964313228526634,0.2577822216703989,0.7150237060747331,0.6411559826934101,0.25986713233234127,0.5772248727482561,0.38717833077194186,0.6478688507205715,0.29503050558738375,0.09734565059130676,0.39810922721530634,0.6437131816086338,0.8727500722597703,0.11867958499273265,1.4717982265425358,0.5358316386894004,0.647510152238767,0.5796538499119673,1.6389706220407134,0.8662500584442975,75.76058789687242
0.30303030303030304,1.2776193572693841,0.9981453136094791,1.113863387069323,1.6032970539104043,0.5156704398234716,0.7067644166289008,0.56548962482633,0.5171299775893733,1.034141734065421,0.1169668386816684,0.6205660559983615,1.3824768322941245,0.406005726645614,1.5754078529597773,1.406568181041885,0.21576177169042063,0.6275338351968658,0.2304993588661592,0.9687446107659122,0.7687532674379725,0.7364543242328144,0.2955302168899869,0.1491885739472593,0.4780305466749148,0.36761697462384635,0.4971520331788214,1.879987776090368,0.584318324730102,0.2686989735937389,0.7061198410591756,0.783512994747721,1.3072501648410886,0.9068639395658936,1.6517540025152777,0.6325564928830598,0.7813784360184807,0.1746447633270018,0.6923861212098759,0.6026645425971668,0.7717631208161708,0.8232972743464255,0.4806875291428431,0.6037033653793112,1.7609927198134323,0.9254592408183685,0.9396834833214726,0.7801878523728077,0.5056612640151318,1.8442440258119208,0.4140778272118568,0.568417207894076,0.8522429346953678,0.773589718968552,0.6882268678813361,0.31328779239693066,1.510366160998313,0.7469513415415187,1.1545386753621576,0.25729483827649674,0.5630437029677855,0.23736770342414656,1.1977609987480635,0.9230845442499411,0.8493132799602673,0.506359090987297,1.7435123438248716,0.34007880110310196,0.09601951337445407,1.094358149713272,0.27065639027025357,0.5291155807134724,0.5063200005168772,0.5609754205404,0.32133145468067464,0.30619289433620656,0.3053543008980337,0.6295725314205883,1.9941761765163153,1.2167486285498186,0.5216470915477404,0.9568184910541507,0.8045014634691839,0.7936532643993892,0.4738619309039355,0.2968427431372263,0.7779196952763582,1.7015859034135765,1.324276209420736,0.42103379620587633,0.41507295881519524,0.889134305552241,0.4537636804060296,1.3506194326859817,0.15828116254647026,0.6154872988389919,1.0537144528486966,0.19326240867362246,0.585165891949591,0.198413603382431,0.54942018517327,75.58800539665846
0.40404040404040403,0.48973497063247146,0.8162446068254997,1.237658464219355,1.3729769229580586,0.8303252289610188,0.6311447282244131,0.22925376669912167,0.3929495001820967,0.20186934809697912,0.37891890192952676,0.18441785541145125,1.4275907436385247,0.6375223512185255,0.7750255722444137,1.309151635080133,1.057677353039486,1.773115152309323,0.7021926456887023,0.5844897393065873,1.1316476941459535,0.5181453463957368,0.9793638679269833,0.5922046419687537,0.72980678374302,0.566642571952831,0.15386582640345478,0.2977479906948514,1.2090155310104855,0.9496174210322588,1.0030676202024622,1.0986401560447911,1.572275489823305,1.538876528703514,0.7372749295927018,0.1422659590787669,0.3363750261896278,0.27680761057699554,0.9079116248215078,0.23327465277713919,2.0521995570655505,0.43300502804810137,1.0059950349624327,1.364943266812432,1.8231954087452429,0.781191234302811,0.7975332131066701,0.23813663192768683,0.9447045885195583,5.137061260079759,1.5165941663034865,0.5315473824129353,0.3592428063184769,1.0956550156735811,0.5330225791675655,0.29614650353306105,0.2702327034994995,1.369260982944925,1.084556350260149,0.22754437855885706,0.2786697329480111,0.6628915839755966,0.5428359593727762,0.3403176600421721,1.1767600398838094,1.5947361030751814,0.19588281186080442,0.8715560275428391,1.7605932103949526,0.3443133871446587,1.7455187982476308,0.9834935649745468,0.8248812538842616,0.16941753552935845,0.227825748236061,0.900028374125723,0.25644321780907137,0.30164023659120287,1.540854380115556,0.4550986363470939,0.761962983118696,0.3196764066951477,0.4429636524534999,0.3684876879909178,0.48675824706419224,0.6138878080249232,0.7335179029314982,0.45268675504070777,1.0170076045168175,1.9950807751017476,1.2575728129887047,0.24156496433686334,0.8109402034724289,1.3035131110536524,1.170083154169397,0.586036199256682,2.4338174416406497,0.8356558462814472,0.3888120743227586,1.0866036708858837,0.8195372013236394,85.16877961676511
0.5050505050505051,0.5211419610896204,0.07521730805116694,0.48895202836399937,0.11807020599707908,0.48583426508360567,1.0478986908232748,2.315036596240827,1.2028633887651066,0.25484037955216354,0.3424570742515065,0.1751144595571809,1.18056780477299,0.5894140452027068,0.08807464781086277,0.8441624494969775,0.939169510139047,1.4268048406008516,0.5734660975550339,0.29352836505575974,0.6454861448692809,0.4870769255419074,0.5308633148006203,0.523349133063706,1.0068080312399377,0.628392903556937,0.24088298735886418,0.9383050667505377,0.7106274314825072,1.1419042060773814,1.077676765518381,0.8247761345133671,2.0171078698133083,0.19929265082248898,0.4534077992011601,0.9334674220917405,1.6843737336511055,0.540461179999574,0.09585603073938187,0.30660310549069925,1.3232873370748266,1.0104722801957535,0.1593659176727083,0.8379783511697183,1.370138543697401,0.6373403975134078,0.8309368109488521,0.602545173943949,0.4493987385020352,0.9806058013752669,1.306589692197406,0.6713777132010308,0.3470911607420904,0.5547268699651892,1.2440672569560356,0.34941522321647267,0.6793418020796164,0.956526268662647,0.5565435053284082,0.37780390195362695,0.21712374859016512,1.318281561648409,0.4325497793142835,0.88921487202684,1.6145100788734674,0.5749182915377928,1.352672454795411,0.5830196404508049,0.9658646405526315,0.5382742811885922,0.575917416737055,0.22593471039269028,0.7438657415868147,0.7083565512905018,0.38127480831590893,0.46807531341704756,0.10274629762938735,0.6722058061176829,0.7270088001054694,1.302409613674965,0.708857918413456,0.49412294560875375,0.9178137134572911,0.7444872957968538,0.7118106964835075,0.24591838178931347,0.6971998299439969,0.8151271975260524,0.7558639784064531,0.7366664885579566,0.27790749419364286,0.9271885104405913,0.08914622565777917,0.4853586000849316,0.3856822810401727,0.8261172836719515,0.753777734853462,1.7161932677210545,0.1327105585262737,1.3321690035264497,1.0863129489856451,72.4295424643206
0.6060606060606061,0.21097421780636938,0.9203229329071094,0.37580473270367,1.8290199254194075,0.3269832313806828,0.636015211103876,3.0494359019780206,0.9700562795238091,0.6502611799925755,0.8828465544241395,1.01878435489625,0.2500228782971167,0.45022014409635963,0.756666176517586,0.5836717522498781,1.1643924554879093,0.5087052238300559,0.9117682108068771,0.6385738586049386,0.19818608418344993,2.354090849917905,0.9126623755849631,0.3160415768412835,0.9065275277841683,0.43125703925247466,0.2647079275770933,0.42504316583404034,0.5946946593650481,0.6628926523968216,0.17510492926056917,0.40115398413535996,0.6877329420047223,0.6162836102837781,1.5137412838662547,0.8416191143753028,0.6891122336004846,0.40700206807530853,0.40891109267952813,0.42767229248916283,0.9839616232236904,0.4617150400946722,0.0511263437675003,1.182862148426541,0.8121561975765765,0.9109951479333047,0.7645430847216799,0.7530287495074793,0.36297900107122605,0.6610492398579636,0.6237132528404444,0.5058813489262107,0.23563774363071838,1.311697586032472,0.38797418181306126,1.1169131147669613,2.8402315691611446,0.5184691789369839,0.297895846186356,0.9176697472324804,0.24745828254556718,0.5561978846919491,0.3174643468898529,0.36636086107232024,1.7053502488467773,0.44154227123221707,0.914667659976437,1.5170193286713491,0.9854345868728915,0.8063012525014343,0.4958187106683785,0.16919431767929108,1.127486696275844,0.4514690749975484,0.4294490138686889,0.9781787226718093,0.39906046270487044,0.9843047679250064,0.6091695542492256,0.8009856585065207,0.6267503431762045,0.5630688366269575,0.6864732490105365,1.3333615680891762,1.4457052058592925,0.19567037715075014,1.1223466181974195,0.26042817742344226,0.9960312993478101,0.42492432996407214,0.6168409704441457,0.6205357742553101,0.56323428144629,1.1458009928356745,1.259422130942033,1.9013807620074215,1.7453492111447653,0.9290746201160036,0.5716014790536891,1.1044973975793189,2.0012142415914687,79.48608834635158
0.7070707070707071,0.9985641122521012,0.6329872528228653,0.18130632791890494,0.8312512539769442,0.7237979749962967,0.899167409563744,1.1079436066201638,0.6000269458016291,0.891049657065869,0.1506259578826646,2.741941046888367,0.7163466410637078,0.38000829045629975,0.38742669429974474,1.161800827542432,1.2593505154467468,0.19025114027422751,0.3677526046878936,0.41324667256331943,1.2919682676111859,0.592861915445158,0.7862241069745629,1.28352772649116,1.2046804458032443,1.1107785986150547,0.32921288323540937,0.9638181626080301,0.2547109829567829,2.194253969952549,0.16358527980191978,0.4415937536685139,0.8617031842014542,0.7843685179087884,0.6040808011537763,0.18835165073747068,0.2974822498338249,1.2973187606181096,1.3018739801489643,0.6396710596856272,0.5003853114722395,0.46220708529721166,0.40033682554062,0.4812661058637527,2.4943613115900582,0.552870760118522,0.5313573145794109,0.184584395564194,0.7023524035086769,0.6373536457561942,1.6938126895267032,2.3348814884295925,0.4075965639067588,1.1833856992202745,1.3277717631868948,2.224318405421063,0.5764029625902927,0.49676021186501224,1.3873877636433245,0.0316440810489859,0.40694210115383117,0.25112474863753403,0.5721999891065336,1.1165478310319688,0.7316317521079537,0.7153383876308634,0.22376326489214132,1.1640967963445221,0.044625140202252896,0.6596122078251242,1.581518985076996,0.45183482031786837,3.303739290489077,2.1366735018732936,0.9502900092450972,0.3835610454053965,0.7379008978831981,0.6268368405134067,0.7202170061187898,1.2019777494563162,0.3249257101089445,0.67846294937353,0.07568120827431861,0.9375978880106056,0.8367990074962299,0.3771513519235197,0.600303355489392,0.1936917542208113,0.4202312327269253,0.8974208629352506,0.4406981340045085,1.6104975507126305,0.44887106854382525,3.22841661782133,0.33831853180593596,2.449415532636788,0.7157214290499859,0.13485176826949205,0.813023407934554,0.6781948826408766,1.4393691148462482,85.45802374184315
0.8080808080808081,0.4644624328394315,0.22583842183297803,0.4190343841342503,1.675199518817267,1.2300182953262413,1.0017313726427932,1.2014439216069788,0.46795560926502067,0.6856807248195983,0.41318684840526704,1.6249942441701433,0.3554015451886207,0.5283949753722289,0.614099895902591,0.5563925369484861,1.6543580915573266,0.36451839387285595,0.949514830831282,0.41703787778104223,1.0703855564753033,0.7131165141257586,0.7837689167653207,0.4943986987599177,1.5369946927697296,0.46260083174411576,0.1469794811754683,0.5080858979579518,0.9589810752176646,1.2883955062359929,0.5628970905285441,0.17042634769975817,1.2706926641919436,0.40476931550271567,1.045116828402513,0.4716288268449534,1.010805785009747,0.20720620634694578,0.36305618731944356,0.28857365906679033,0.7295731010413893,0.31807616043385206,1.6893435037749156,0.9632441659128166,1.0856848358668651,0.36395938303746994,0.3781230277691839,1.087446884524362,0.697139627611712,0.4822398247965652,0.7079743447338958,0.5833148398033582,0.28586486103223974,0.6757414029275151,0.502503739366014,0.4182117242967462,1.484233388920838,1.2327491849327272,0.6773782002568534,1.0998452681082638,0.77554717636692,1.0213420317731137,0.29445585562350446,1.0625897698977147,2.779523392910424,0.4520742446054092,0.2679494311278475,0.14075907409501312,0.7703270446185483,0.32327179124878186,0.1395717258793831,0.628473592876118,1.4972981725631005,0.22976030079541596,0.987712033881504,0.10936985213476742,0.4664041830610157,1.0709165108815457,0.64238128729271,1.714999406756434,0.057487751752556375,0.5645349983214714,0.8734133102916821,1.31311691490178,0.7963163377387378,0.6056795939283932,0.6907174557693242,1.6143701187614954,0.7341886718576869,0.8129614379267507,0.16667656756893215,1.9536164093829083,0.5951744886400728,2.960800862248338,0.38631247987149303,1.7226644361638537,0.5655682820420427,0.4069170020513766,0.6725863874298045,0.3713806713457449,0.8848180263351418,78.19482055532137
0.9090909090909091,0.8521124468429649,0.5639669132403495,0.381694756222664,1.6133690487341814,1.0288082132157557,0.8739097671727233,0.5159569812470727,0.264581276621423,0.4182796605189088,0.18750660352175957,0.5982845193155772,0.7071416633764585,0.3949524968039509,1.8947516625583611,0.8389044379998273,0.06250400562124261,0.42763591586859545,0.25534697742182927,0.6621385953103102,0.2960347019043129,0.7358515451745198,0.34479951416684657,0.6168980092094115,0.7965133725234661,0.3721677492556745,0.5919962349161251,1.1172232924804342,0.38975487320649677,0.7142164151491478,0.53259418020757,0.5805650694454594,0.6897201846920028,0.29663240917346795,0.4718751512898103,0.6187778932800139,1.1446265023206061,0.9614757196483923,0.4060626904227127,0.5308726639259885,0.5086383727747532,0.5962999401452739,1.2688683848268583,1.6499178697297165,0.7592138288718516,0.3324090947292659,0.6567327964758336,1.0153788476199677,1.0612761906576056,0.6965312079932695,0.7232303625534696,0.6073782123729545,0.4569116840579875,0.9035309967411599,1.237943191862124,0.21367178244788504,1.1817628314440387,1.9936525532017992,0.4015072747374022,0.14271272586445363,1.686484123951302,1.3316613504142085,0.2189324472378198,1.4617788594079926,1.5856593186493095,1.4490821352608898,0.8903731205974108,0.21793766143591684,0.9424974908146685,1.496956027944052,1.0399790934472508,0.22209649636830148,1.2659868352678905,1.1348719546479735,0.12389330473152894,0.40482392044365373,0.3385592951189012,0.5883160245264083,1.3505299614575668,1.5788241816865498,1.8365005013301559,1.374117392349411,2.2732357897894304,0.6751530158280775,0.6529107004220529,0.5260791564575092,0.5966095724829173,0.2578162673040653,1.3473753136154205,1.926106754076024,0.517004181375689,3.299391262631552,0.9060128718647922,1.6185400802895535,1.9636352170594715,0.6179234434137058,0.732485206287748,0.6898824551273333,0.48169412631012004,0.2343763665217547,0.42481343328664534,83.4389789743471
1.0101010101010102,1.1935768001097147,1.6933888627109417,0.3838184540142704,1.5859600870596036,1.2863201101257458,0.5628000112834236,1.8907133556286488,0.15552396288348566,0.667931850245813,1.3971560891752484,0.4247799931032354,0.9510746906873079,0.6018792802517741,1.2747784217016187,2.419629684874586,0.6244113898625914,0.47443272358195226,0.46368170560257876,0.9983356008870149,1.0124271184901745,0.660578180627164,1.15468181379256,0.14379483359158102,0.528570587508815,2.0518789315070918,0.5891015623152214,1.3614823502607198,0.6229608242194868,0.6104475534992988,1.0419797554080332,0.32793445256726056,0.898701345950086,0.49686671130925175,1.161030908258809,0.8812699954393599,1.3484111548723003,1.434159553007181,0.6985516626565724,0.21101725650448003,1.8693462935420813,0.703987882533606,0.4258858556302943,0.48351139952004446,0.7128031277529607,0.8884173826227609,0.317745994574497,0.7697744454742362,1.2331025278570023,0.9387848362272248,0.6132083781894705,1.1419734092230547,0.7610437971255346,0.6454234763734294,0.7274154996621716,0.9660867735709661,1.0890083935224333,5.6483326116764925,0.5749742049010961,0.6189150248071142,1.1069764348735254,0.19600913558069716,0.19217703361839245,1.4244329464763934,1.5844457482085268,2.5051989019154965,0.8369028114375185,0.07853910531629217,0.649871818583107,3.844268540411077,0.5009476611146866,0.349928982276807,0.2987483111124943,0.49751956021410765,0.1161968459244235,0.23055546882671432,0.7837043107872497,0.7269299520142042,1.6164260727513766,0.9919994297816822,0.7420085616812427,0.10773070646254357,0.5981075845601862,1.2082831457563254,1.5850865354035615,0.5044799382620355,0.9702851671636923,1.490450335304553,1.8431789177193254,0.7810110442397794,0.4971169611324097,0.5290007698628345,0.27113319515584106,0.6073955749170706,0.22460881056835696,0.7183726298258905,1.95741919243484,0.31264828439229203,0.46213890180465256,0.25125720986719385,0.7758833500821287,92.38515682818297
1.1111111111111112,0.10554266711365887,1.5054621014481016,0.37164714698704415,2.8774937517268158,0.5263791189710498,0.39376146037158366,0.743988998806921,0.800709926085981,0.8538393313965782,1.1528244231450933,0.324752596871049,2.66004865306432,0.1610820094453616,0.7924823690705709,0.3751772999925784,0.9507490994778746,0.960958616266906,0.4386333710157349,0.7466734871240205,1.1683186804838357,0.810261313240406,0.5836185730814069,0.599000397508629,0.5094301151819197,1.4832325943361186,0.25168520262295546,0.586648778765941,0.6226264721506173,0.30416638884384534,0.38488872425236675,0.18480356599182865,1.5655104351005111,0.7119314082874992,0.4757076333815431,0.8533934724462674,1.4038894127475172,0.3473379164225916,0.9316547172942976,0.48781098692641334,0.8138744806950121,0.36909154533552346,0.3304923562818172,0.17406670673134492,0.5718912005146018,0.7144786984708441,0.5911051310457932,0.11811792185034968,0.9994569371561352,1.092592789468149,0.6013624723291522,0.6629295700737882,0.2764413630717076,2.081278947694139,0.16148917952329409,0.5246879184649857,0.5341805562795062,0.9599173788637869,1.9111637104181667,0.6569460894011171,2.014952348562464,0.8094770983488961,0.21976863925514958,0.3284004313106102,1.505982868899361,1.1459401780850682,0.33183614728887273,0.4658645605483184,0.32405292819519715,1.5676679113853516,1.4932863747989138,0.4833154597645416,0.47735851202630536,1.2492897098480547,0.460039781653327,0.7354364904906449,1.2514945007425378,1.8137250526665836,1.080619225133448,0.6369855218599846,0.4624325599442366,1.4420364965202215,0.8493065705940237,0.4204899759663152,1.6874177407620083,0.3633121038863775,0.8249648401660319,0.6089060000095025,0.4807253967738123,0.8322742854642133,0.18192543215658483,0.2707593312491692,0.9463906492397929,1.5006093061650527,1.292913936010454,1.4248933434309918,0.1642150168612058,1.6015273967031023,0.6093722189343355,0.46401138090892546,0.390821164773452,80.36848705850038
1.2121212121212122,1.5877691730895989,0.3726103607732269,0.24579452023131673,1.0894541464690153,0.5127904185057696,1.1625562104478755,0.28263767027945,0.609908113376236,0.29980019497169735,0.4892935025788147,1.3351241396228326,0.6515554960638988,0.2276971388835323,0.7104403515614991,1.2701899099042906,0.22221915044609958,1.5873217944636933,0.32271889640900536,0.8609084541982018,0.7010989551372044,0.6675025392194863,0.7031821215273554,0.4234693070234593,0.29848797115502057,0.46301704336921123,0.3731172759310087,0.7059412092407367,1.1843397672505231,0.2553040399233381,1.7787662891002451,0.23317269289451825,0.8569816606144424,1.077452547729871,0.3411773956219457,0.6883599911462154,0.28397610580207067,0.6952436347765752,1.7526077659855652,0.16747649669299194,0.22216046217726448,0.46431824824596124,1.111383551231468,1.345523921746591,0.19721497338739638,1.1539453856043063,1.2658547801675097,0.2895592528758012,0.3490534855236419,0.8351733440517127,1.1498374903882704,0.8314110511662917,0.49635540306066434,2.417474743631262,2.356828601615531,0.5825728799095268,0.518364506001397,0.7666591088183319,0.5637809236365764,1.4535511508397991,0.6635478452181197,0.7702565387382816,0.4490858501633132,0.7104758770589878,0.3747976134009605,1.1438768436513036,0.010694078101004582,1.3001528346845372,0.27308955135460344,0.610448488069512,0.9266483204562793,0.4442598139986816,0.9054971692957736,1.4322301486910098,0.2560758702996851,0.6236298926816312,0.5820377171010319,1.9067494669369012,0.6152064808911557,1.836536811800115,0.5593748390797122,0.5622157081027465,0.47855099617220315,0.5430707670466469,1.1342243274498989,0.6518577033541209,0.23919681245757157,0.9861686674763648,0.677068905099416,1.1961354768578338,0.46140033757476145,0.2816153136379509,1.1882540299826392,1.6347855598010532,0.3826230621917748,0.8700851191936817,0.2719006167203599,3.0560759445264085,0.4468033480515516,0.8236965961173394,0.6277323583912227,78.7706214183753
1.3131313131313131,0.18669871336105429,0.37879870141244093,0.8545180406537802,0.26055238105278117,0.8495506568614126,1.5306178767246807,0.38275922125873685,0.4242222146427923,0.24071630787404308,0.6043599875746831,0.5667233831951144,0.5264610054027234,0.5558614958163779,0.18288638183805875,1.9325724540792666,0.6355959994961285,1.366552479684561,0.09916728531244604,0.8939675793945461,1.5340169337810108,1.0372895741757049,0.9310423683605525,0.6184485903309233,0.230074257417167,0.2909539212943978,0.8765955722518127,0.301754606677716,1.092280332344736,0.08911357279366722,0.4298838277986028,1.0997047422521002,1.9822729980449547,1.2491113470490907,0.3365878503249869,0.29193306056197915,0.6865979054808894,0.16736177068649252,1.8400976310975359,0.49895800556945374,0.3322100274494195,0.11676857953130593,0.8094879666580153,1.6504149539154365,0.4905873404150951,0.21003008144572685,0.4228878007434036,0.67833866881069,0.12907455866393125,0.36944061345290924,0.3953067368640847,0.28208422869118527,1.7095295782705031,0.424341979986723,0.2546260843382421,0.4342296401594106,0.4490305457436594,1.4179053694863266,0.45560097350147194,0.6543137116143677,0.5222418362200096,0.9931976966171167,0.4523389621025807,0.3120743834633888,0.5862443269269264,0.6024947414342184,0.4410190689041192,0.6697153054363936,0.24040508555280377,0.49844033771219837,0.4853467751764691,1.3961048807617011,0.6261506398902082,1.527718179903243,0.6111558537598499,0.4652606498238274,0.5487881119868087,0.27359352957299726,1.5663575363244855,0.9941702981051312,0.9646249448233092,0.5481738745715588,0.2829383913706954,0.9665391451784473,0.17544220255643184,0.31484268391228615,0.2978337383032864,0.12634937061303367,0.5266205385221645,2.326910291679903,1.0002101536801626,0.5104583836559499,0.27536673155472974,1.212283546400393,0.4378896126714452,0.18920682034364178,0.8547206525111795,0.6712483818309396,0.19711840368962236,0.8626126303553386,0.6372110708838973,66.93429024245421
1.4141414141414141,1.6688191852615153,0.8419950963559868,0.4487505344628237,0.18608375224175705,0.5952556542336535,0.6743240582216927,0.5442275565826584,0.9512769242234915,0.7900148942805402,0.647085745694297,0.5640544689067619,0.11432468960985324,0.1366441086350225,1.082020443868411,0.6869537841577914,0.29301215142290993,0.27977078334856087,1.0140230652380728,0.10743405146838836,1.0018795547246409,1.7460707318350952,0.4420221076148234,0.8913102146852316,1.4957065278535995,0.5728836558319291,0.8069263563871266,0.49083878264551234,0.8374979734083401,0.6864562481616503,0.7211965315986644,1.3309717270721326,0.9497401159736567,1.486313947217636,0.8697567003779862,0.6336156894658294,0.702501134177774,0.09921891848241941,1.096673779997629,1.5316556438104008,0.34548985049838593,0.5193652019100351,0.41316643230285877,0.5582704438720871,0.4410824116186075,0.8467056890837215,0.7636692840186262,0.7870844409038483,0.904688365550756,1.1460798559518761,0.5432234000717718,1.68158089605696,0.42550296513804264,1.3910916165804608,0.39913188385279924,0.6566407726393967,0.5026645125972579,0.99077001575025,1.3127296731703257,1.1381337479839633,0.5327210750521226,0.9431237248770349,0.610773959037727,1.0934738767564174,0.44786759191416686,1.029504470723013,1.4770007617990895,1.4489399425441447,1.132874098929941,0.1614806793421055,0.5028488664551514,1.2492711432551395,1.3705350826124048,1.1336505385177613,0.853828586778057,0.13900098595689872,1.4464284744367375,1.0557327180131466,0.5258390756481158,1.0449401551983812,1.456619295879849,0.3081969979703034,1.2451643182720868,0.9697831604045487,0.395074800205444,0.431550550189838,0.46927578893847366,0.4662576793684937,0.4480033055518463,0.7397990686999852,0.5431233772220655,0.21692650700476834,0.698300058898821,0.6627699197692585,0.5943594329418611,0.360644427463776,0.7534456587994544,0.47793759022186777,0.5738057048651988,1.7290477763563892,0.9135268413087535,78.43982681726894
1.5151515151515151,1.5036938496574954,0.8074022454854796,0.3118672068678028,0.9696960016668047,0.5355137116135069,1.1512369513916616,0.7793059029842888,0.06590368923938622,0.296627976509686,0.33657003478001124,1.084121405653097,0.5995079325673363,0.2680297998952454,0.8282110174918375,0.5082496296102689,0.43726640488562357,0.30668092359936494,0.18483018793177536,0.5460396883780849,1.424800095404277,0.6234308809237743,0.6247602464403139,0.5239622291321349,1.0251666746156582,0.3645684607020013,0.5520786422425632,0.9282703664601428,0.6851553406142715,1.0695884253544798,1.0045164300110183,0.8782359221773078,0.7570858398006162,0.08459088999318298,1.187163554403921,2.2713205503939693,0.9138100011069357,0.5998874292630862,0.8662973516569169,2.907452083348983,0.6595107948913638,0.5068807000005906,0.8765140263414125,0.3085531385478306,1.17301155046898,1.018265730646005,1.0207201341948324,0.8828211553966037,1.172113839443706,0.5765918156670569,0.22750990214356914,0.24519010117898557,0.6635718735676193,0.9940883349020591,0.26393659628821203,1.3538461513745792,0.663166182171862,0.8133369496213481,1.0719868209664323,0.7085961691365938,0.6912883241902209,0.1980190556807426,0.28677704833584927,2.83717440165698,0.1447268681772831,0.5632693022028012,0.5778147923310721,0.5704991728750168,0.6604556940525131,0.14624953140182526,0.6652685247764158,1.3935886540159443,0.3585849873473997,1.48437329445706,1.2355606521564357,1.0384187994503062,0.445356042286126,1.6876488711753244,0.5603086207478833,0.512780314641812,0.6102625317736806,0.5345718429894523,0.2536098548127909,1.537158556479914,0.5754471126588085,0.670899459758386,0.5751181384137901,1.9182135319401843,0.8610878236171154,0.8310209329388516,0.3838393022332833,2.0335857442270124,1.9539162449504728,1.1634099922206813,0.6045420503348384,0.3709259345505614,0.2025431272467024,0.5700527368543494,1.0020618919451607,1.8285072057141274,0.43219292678434634,80.98423783560746
1.6161616161616161,0.9838656559365702,2.2417313848496105,0.4321567730242227,0.5574356182674467,0.42984935357769727,0.3026767671432154,0.6007696411548437,0.6734091704804837,0.9739552134902297,0.5845347287315128,0.3881777921305687,1.8634558051319055,1.0067922720828002,1.0713623179061684,0.2502839017639772,0.4412873733145691,0.14524003669546637,0.427637461467555,0.6245032922678526,0.344856308891953,0.5034802786070289,0.6940602114695799,0.5806459351286208,0.40965407012976784,1.4902821673545448,0.13738598031173127,0.7350262756862354,0.5973162490412288,0.188377147031986,0.29187962792085803,0.3109970115666328,0.957686379224072,0.9622152093833788,0.42999893491209046,0.9704527371736564,0.8584909628063927,0.35686862438761624,2.2308181413003516,0.7967395198688609,0.6247270410214887,0.5983203447770744,0.6896222196489599,0.855626450511236,0.897066844145338,1.2125403661561478,0.41427706082994176,0.21456047344599252,1.25970552859787,0.19986824824828212,0.4052731319172615,1.0947575652349748,0.8966676668291382,0.7902281502503529,1.7882278601837114,1.1079715196124567,0.4157759345681546,0.21111224888788774,0.5867221722893808,0.5729491351804624,1.0124758424092857,0.8390902904198256,0.21628968786739122,1.1037214416441608,1.4248159817489408,1.1325570547785955,0.2681050165947315,0.3868409677374962,0.32458926156256734,0.23463300670827694,1.2502193783750848,0.5283632269113557,0.3575201096368049,0.22577283991746475,0.8507986341722115,0.45887179429954444,0.7492302221710027,0.6853307469177794,0.22068934634817294,0.952793013638513,1.2061680326714748,0.19209125825570553,1.997666648215635,2.29753362345405,1.0498913919959145,0.41471199370076567,0.9994944196995204,0.25683485788852806,0.21015562747646652,0.26039560099677533,0.23728727139065162,0.942116932872259,0.8518315097572456,2.555313546051637,2.0922125761046884,0.4083396933224725,0.8523136997221533,0.01831785428305634,0.3142417126183493,1.6176966209593187,0.5806425520967231,75.26032158134198
1.7171717171717171,0.413689507941574,0.3365210359785111,1.1619943236662547,0.20288470878150505,0.28738523172691544,0.40559581158355756,0.4331374746454114,1.2339471913264761,0.6412474729729812,1.1899207756090298,0.5055452905424246,0.3464031468519558,0.6283370043738087,0.2235977305082515,1.0085654595520401,0.29205595390778194,0.39518700316001953,0.911286470224322,0.47440901046737777,0.7557475207855978,0.6673375423592381,0.8113823515568341,0.5051372093716141,0.6998744234353572,0.8369217725473095,0.6049954602560924,0.7178718851604216,0.17975610727739824,0.8380420723374759,0.3208476987599121,0.4633443728118532,2.374618248633614,1.1374876854133191,1.1486645995782065,0.08357511973690188,0.9299986231350971,1.6912095355751713,1.1390362626295332,0.5387065873423273,0.7257664584783453,0.24208220558240842,0.600563658499834,0.25238111889341075,1.2403970844430598,1.5371146181601765,0.4947739930245193,0.7300356178104963,0.32915440090778325,2.572946072779572,0.6322882927914029,1.64647132779504,1.223755057303291,0.5863942567147529,1.6227481466470102,0.1763610774845704,0.48131025816112705,1.1145230182730894,0.9174125398953201,0.28272843549647714,0.6590819858104436,1.555835994698968,0.821326901287585,0.7926003167200883,1.161643560848314,0.5304629891273622,0.45363777760712437,0.8751857776419416,1.442840716677373,0.44005730098616497,0.5503167447965024,1.2395863238061227,0.25657273232691746,1.796106995062963,0.19897007944632497,1.294509804432338,1.5121726028025482,0.7500127633373216,0.3852430025526074,0.7241668960564033,1.4276936391034434,0.6772323472750859,0.776575352102911,0.6802146663842512,0.5914038136557097,0.4699309377341547,1.1719638669163546,0.636635649436267,0.8614069354756303,0.6783037558492376,0.4349726356343036,1.05843604252106,1.5291576698584117,3.3337516321981706,0.4404103165598279,0.4948815884818971,0.5147804245443516,0.7757145561414222,0.522991325118965,0.3207134537424732,0.6266093531524474,80.40958454957699
1.8181818181818181,0.6898275548942675,1.5756396584099237,0.22596658908776668,2.5220328461563386,1.1429447736056821,1.459813085386105,0.14224371651107584,0.6520304151109387,1.3739309410098768,0.8670260481058292,2.1949129279486774,0.652852735822041,0.07860027784458654,0.7713844049058134,1.1463068972067885,0.8215032398754806,0.40643884144916753,0.10484468673449546,0.36690409336771324,0.8714661944475248,0.8890886491855664,0.271788574294321,1.0826568128521463,0.8499748128458842,1.0202726018899073,0.9865651611413607,0.5186733033150223,1.2755031613201557,0.732317589423979,0.2980146029961284,0.4628355580242421,0.6292597566038767,0.8075379968588307,1.1245057219514933,1.2639472957508018,1.0367773773040483,1.0061576149736149,1.612224210045432,0.4452483658836157,0.6370951150983668,0.18712046197366988,0.5734782776767076,0.5165975370653576,0.6171213164182741,1.8172556228405936,0.8668895668414439,0.3776888050327438,0.6529305216033762,2.531379468030026,0.4438201156715573,2.029824787790979,0.415764053346635,0.6323557830937113,0.5948592064757112,0.29831427311291697,0.6205786513657912,0.5898647709650384,1.0085801971436867,0.6631252877633166,0.26533526619316833,1.8066310179726268,0.5517720050966654,0.9078581383308203,1.1118094770481521,0.33123767365385176,0.2684790079638057,0.7411612719319223,0.3760494763191732,1.1264050197543192,0.9409579658382407,0.6533308888002757,0.7906746014140238,0.39183578296194105,0.2649675256255425,1.143922573647614,0.7777819999126359,0.6880114571991603,0.5487012094935041,0.5541744331896326,0.806500048631672,0.5021556984465289,0.9757609541611947,0.48858847317443327,0.24961070733665344,0.48460099734628853,1.0414992247424464,1.3062158564173902,1.6011512458043022,0.31388498411472715,0.1760992896191722,0.240055777538873,0.5762309636467665,0.6520584869626419,0.8280230991012748,0.5399865845513229,1.1179659397409822,0.883453204572245,0.6707275134435029,0.22930893831419136,0.853791645565716,79.23342933942986
1.9191919191919191,0.7171262010890734,1.0038076830634053,0.3216297535088853,1.917003049047077,0.563437604904678,0.28363081462034684,0.31294885864194066,0.5075227540145647,1.4361292815707478,0.49858215704191844,1.40810568282415,0.3399020800636036,0.17017795173175537,1.911765635347759,1.3110815717594178,2.1471080924922736,0.802305550267754,0.5265602979688447,0.4833607376726023,1.45461829143579,0.6616487417410934,1.7319801567369757,0.9777461987273975,1.3509156020507957,0.8681107022133469,0.6026776336047691,0.46237826489712486,0.5276687890448495,1.339436870185318,0.3986754557538062,0.14224436473465968,0.2899939394644982,0.5355436790952266,0.4487691560729665,0.23191465084002205,0.10196015995321422,0.47671903231762786,2.687642644460019,0.1657685600595169,0.30322869396954966,0.4766670876698029,1.5873470834686378,1.0552068705061244,0.14613459336467374,1.898076058482014,0.9076627681154077,0.5862813719523329,0.9227615340060991,1.712686901467683,1.1692670329170871,0.7440265402608243,0.5116225700489169,0.10376789807091169,0.6860980088030716,0.6301284867910578,0.4375479336630343,0.4123617480061042,1.1727368887159662,0.4535965718802207,0.2572353684832398,1.2686419444268915,1.0075350343105347,0.5877321503317112,1.6741941135163168,1.1787579389036,0.537236047601896,1.143850097208522,0.0941467802344689,1.1842931206133844,0.15923610648614703,0.15948305560724688,0.44656089256666237,1.069382945450756,0.21767315633847756,0.8003937027411614,0.47697065445482767,0.6539005977432155,0.5402022028073468,0.4896795246495041,1.0528921655355683,0.4263873916857158,0.30549527529424203,0.4521279755665606,0.6430027995052797,0.8059457564562589,3.176482266287782,0.3007848994778539,2.481288345377253,0.9850315364043104,0.5219523692159671,1.799941867874288,1.0628325710965918,1.3404361392263593,1.3175754949280478,0.812508722866475,0.5774535529429016,0.3954424497214393,1.1129486253205905,0.35340770862780135,0.19161964241087406,82.09846828347735
2.0202020202020203,0.9238846792966403,0.9273100501010261,0.7060269981209708,0.4059079873191057,0.5172539098726107,0.7205119239079139,0.5471856371462024,0.40793818023506956,0.524262321520461,1.0421901664615845,0.850731074387446,1.2864012073904194,0.6800049823140503,0.19743345098979895,0.4312941503027694,1.615955307130211,0.6945408771351405,0.17338799540980745,0.36147978004455866,0.9479142885596805,0.7625480417204079,0.25293104292061236,0.3376561383408067,0.8706419535149695,0.35940803419745054,0.27403716733355427,0.39534460379060765,0.16300500905236365,0.4555243041722347,0.48595103219023333,0.34995068884013586,0.715789623705143,1.8275144597553237,0.9054858308285619,0.607054010160597,1.0189157077251687,1.3192626703925692,0.6233667742365279,0.3772257113869873,0.9222736819865645,0.21037896297577868,3.0195585274009327,0.8712334669892474,0.6694513618764557,0.45303323201353424,0.3877530581733148,0.922837615326605,0.5968290524458297,0.8557394799872279,0.2308191094813164,0.8511742830745603,0.24109352430428407,0.5434803856613092,0.42922616802648,0.31052056034635755,0.28145072972332746,0.4667122094774087,0.5818161531565503,0.6207899297507231,1.3369628964689555,1.0205285160239108,0.9792622251811564,0.8200942989281986,0.3554751565824792,0.11347716801144868,0.6011217191795691,0.45257509489548753,0.6794743499553142,1.0716547340010343,1.0185536321848678,0.5524295687055588,0.6813502964986455,0.8786866560587188,0.29366351875493096,0.250501928436189,0.38704867685951333,0.8587312011138228,0.493015073946362,0.7285567885610126,1.2492845695003056,0.41159613070142553,0.1489908011345405,0.8766037392864224,0.17802998711195092,0.5417578945207074,0.8561075017401283,0.8572937561843715,1.2544261374874666,1.4931503796493162,2.1663909513093262,0.9943034052731639,0.7522102892973401,2.685058481792413,0.816312303747959,0.4992737980949033,0.23311117531413325,1.107110572623724,0.6835711331256229,1.1709031850853182,1.5068889687343943,73.5849379261496
2.121212121212121,1.1396855450118448,1.717556240278549,0.43135700840640434,2.0144945991227576,0.9367515324358742,0.311502983826806,1.0309328069560408,0.6692031712125729,0.8700390263454438,0.594070647887332,0.412766172738932,0.45112668907625597,0.8515197081699949,2.1931100695278274,0.9834378839020251,2.2331281679419672,0.21789148691159305,0.15154573656668313,0.17869816208351347,1.3030679195273,0.5562634772044734,0.9677484535451572,0.891164510301668,0.7811940583813627,0.8243281195659877,0.17994189883231212,0.46131474168560177,1.1285055331132745,0.6189617851323457,0.661210518071666,0.601741847061364,0.3358801476706847,2.399589059083155,0.4422556192592833,0.7141997391710643,0.4467051034117353,1.0442227631129541,0.8566607069148631,0.1786944539237715,1.4212521069894382,0.19454519520734911,0.7708742701393546,1.192341630123956,0.8694994532593239,2.5663076029999967,0.3593070381566785,0.7858287243659466,0.42742778035184686,0.9210120392705863,1.77808261783472,0.4861680707595208,0.3762207731402629,2.1910625053969666,0.12511444367166633,1.1079357120738287,0.7288731961662352,0.3498959498625035,0.09701061532707375,0.7962466567106328,1.1606060709379356,0.7249028182245463,0.9915618091955756,2.073942932659354,0.29104833561597654,0.17912897024329089,0.5347922769761086,0.35115195818755673,0.2791732937220089,0.5126126733838691,1.0448421161633128,0.8676098420055373,0.3332697963335267,0.5206906540600534,0.13910409687132372,0.10767749774367173,0.39651141962496733,0.842976993368164,0.603091016282784,0.7534202014649832,2.7284796679595926,0.33135802836338163,0.27117998734221394,0.6609451103499113,0.3088282644459778,0.9811371800385623,1.4498587738743904,0.7539237205104994,0.642957292601966,1.03100876779445,0.9533658505991601,0.4094840077016797,0.47969881610162707,0.4297060995730424,1.16090841222698,0.6374118375926704,0.3716311158917469,1.0760285096733546,0.8547241665557611,1.2906412610645108,0.6402060099724157,80.49907212847872
2.2222222222222223,1.8650459049592034,1.3246133481146896,0.32284099824035073,0.266055258739939,0.572604784953974,0.3959211962743364,0.4042680935242387,0.5724380922537374,0.5490433988001046,0.5104329655459475,0.8935541334769102,0.8396579353638699,1.603600495504549,0.4187163977507434,0.8231393972086705,0.5321735080870343,1.3486218883675356,0.9793326537828221,0.2995529779795464,1.8307976618525257,1.1190448231916672,1.8414656551871524,0.34247264144694445,1.2791664083490641,0.3764149976181765,0.2486757688084407,0.3304140451586543,0.735843618407753,0.33146135909584534,0.29386940893195534,0.9070692300205022,1.5937345764613757,1.333743904243318,1.3749886175969162,0.15165009312914352,0.400533492578335,0.7043157292941582,1.8255978757729738,0.1634642121098643,0.41079469588178663,0.6172257824631473,1.2759728036255973,0.8964278153159009,0.7272297348476975,1.250228350466594,0.6534706929055921,1.0964528604892831,0.40993403962813096,3.7602505362669745,1.8977740081551275,0.563718194050757,0.20813700647326733,0.709446886989129,0.3728735647169725,1.0040664425936203,0.5507470718393213,0.42857671153067034,0.8933940683840605,0.33534862474609434,0.8427845365878112,1.310886284072685,0.7549279192694912,0.9142824057731274,1.1245209431855097,0.37617700113664615,0.3150055140577246,0.2931386502389333,2.6377482244048895,0.7032662840994781,0.8486732833509693,0.35375401026464987,0.32365762033093465,0.35665852465253256,0.25551983144828166,0.7564472378664348,0.3947583782587451,0.5370415417868077,0.5935837369996866,1.104242187896623,0.7903115097171841,0.9376019093594911,0.1621876889095236,1.9268223711801271,0.5038574329313489,1.287173049208,0.6708203886503207,0.667663913995328,0.6505165555554167,0.3794044956072165,0.25717200685935565,0.5153470376750281,0.4613016139983395,0.7073912861341747,0.43795619897315324,1.212760336390254,0.370243920344715,2.5311035069905516,0.7612791303893487,0.4026366750221954,0.7956514415574483,80.99468402468317
2.323232323232323,0.4830023472925832,0.5052982257596469,0.2645301418866474,0.4754853934164053,0.6560125576331818,1.420912336705284,0.24901896758779568,0.8604443875179365,0.5464157601330915,0.20058883453332213,1.803569913204084,1.2992336592127423,0.19771365062453297,0.6418055657596848,1.079026756871107,0.3576192786630774,0.4960655629312121,2.660251472821925,0.177735662050646,1.0008118021076753,0.9500291764150559,0.3693380921192398,0.8654582421181614,3.342165821866387,0.5025444843383392,1.2595786559873083,0.06522356541094516,2.764168337149782,0.4328153845902324,0.5474874315986491,1.204422132554899,0.25760802588157755,0.7666890550001154,0.9061815751986646,0.5061364780226635,0.30649970802444326,0.3808142325856107,0.03719318754248631,0.9210074502377688,0.5794173321345979,2.054348966294611,0.6775741328778384,1.21828318272401,0.3095604026048678,2.0094933971271427,0.5903079455603585,3.26627682292668,0.6067662998955755,2.9455531244366107,1.3835891541068785,0.6177217952785554,0.6016335411854665,0.5141267969280763,0.5402969035979419,0.27459389835423276,0.6523259238793488,0.5716577941750309,0.18989032323484373,0.0768743904896692,0.25111402943855793,1.468006721073197,0.5516392860320428,0.604667230351589,1.0347786285682186,1.1936299408548778,0.9188978030559004,0.5210311199801492,1.3147441440281185,0.7331390088754564,0.6728508240669424,0.8248422217134492,0.3391702381379257,1.1114507244919187,0.3136113498324677,0.35528245494254046,0.3901249225612246,0.408787077883523,0.5985582199547386,0.72910959850746,0.6304403533475867,1.4630048357796819,0.2602473908758569,1.2857193906398177,0.23385912147097038,1.299104198613602,0.55592485399565,1.200792776268601,0.34421519331769956,1.7188489953667048,0.30349758396830806,0.50343327894797,0.7860061217838047,0.46524821236493563,1.0351876422428514,0.5220989161468588,0.612435129384962,1.0252586171611184,0.2955888024582543,0.7600440471104787,2.0836926770406956,83.16127912380392
2.4242424242424243,0.3996803264716292,0.5864436313526554,0.7539042115633734,0.558931385848854,0.4623465031995625,1.441866715778995,0.14093992735540717,0.2322970626480296,0.526824267687559,0.3909822329434885,0.6127493871506564,1.0808453143775392,0.08066378934973352,0.35368332445079176,1.2298783993204625,0.7511267063862357,1.762816723035196,1.5727566005790286,0.9627498565038746,0.3192373859780683,0.656885092582106,0.49187766041706615,0.25279310063445803,0.0789314294779809,0.6310835004224279,0.6440990991246522,0.4758343812400719,1.6482226890183502,0.14382901194550743,0.23493032997528876,0.4542566796508398,0.47692125505605115,0.42356873173650467,0.473971728177203,0.3894328598577112,0.1547499713058945,0.295802999569346,2.019598291352425,1.0473397820750192,0.45363924312201054,1.5528613023737476,0.7805686667014482,0.8836050107142083,0.32310155031877014,0.4384812286936825,0.6731906617293367,2.3938792032719154,0.19972951360488878,0.8027717528608996,0.9410507717110508,0.2966392436610177,0.2379587707210635,0.6341522390781931,0.38850876381559624,0.2756701215564676,0.6758921516676349,0.4058568525135759,0.7552254040328477,0.41556136589751685,1.4326258021639533,1.7329139246948768,2.720038781530662,0.6183633453733597,0.8138334355605831,0.14873418365060145,0.339064512357636,0.21798837215565198,0.2361653321971489,0.6266873561557242,0.5415828157715874,0.5662533933518547,0.4944384297644768,1.3686162516049618,0.6191659021075431,1.274880718901667,0.5037935935311365,1.243496596887011,0.4217661788120735,0.6065140914108142,0.7809745140113552,0.401789225052608,0.5514190302332357,1.561256667623294,1.1536775314908587,0.14431743262810412,1.4016917394607729,1.9836446387013058,1.030682592955537,0.5323126068432202,0.7743270490051808,1.0874323672203159,0.9028592959044178,0.2313018423039173,1.4917999154683823,0.9022759890672476,0.5658315966853226,0.25520080884589375,0.6579089099016464,0.28141685181481013,1.624605984591631,73.58684577143833
2.525252525252525,0.49726062156361006,1.3702545635540064,0.6448351073632737,0.1558012135875521,0.06920592203230096,0.5785844766621915,1.0463370100658365,0.53279538925493,0.8240796465356266,0.36677486565854833,0.7595107528330339,1.4196594346417135,0.5450877503803003,1.261369930056108,0.7638658578299685,0.6282467070398798,0.8262225177396156,0.535853251955019,1.444642487215883,0.8449390463207312,2.481203267269994,0.46694530459800887,0.3421174116074584,0.8932185323015231,0.2976084672837873,1.0302227198597496,0.5521857952293108,0.6973584058454919,1.053033085210206,0.34302633604847993,0.6349226702847711,0.6920711857626025,0.6386030189067404,0.7650756859264931,0.24998608464251773,1.5744626106587012,0.6857817903925809,1.6504593601868711,0.05593906688251097,0.8923879328033819,0.39736515522925103,1.5148597143270086,0.9340559612554393,0.3499120687264011,0.709842428646994,1.0225571684559136,0.9695840313110078,0.637851971139665,0.820047396744357,0.6238732020200974,0.5858377480381791,3.797126545623693,0.43461051225030867,0.4884473728477341,0.3134193086788347,0.8125219141044182,0.7264737904717797,0.8649516135799853,0.508501059341526,0.463787412358984,1.2108008453972356,2.024159147301835,0.8700580142227016,0.89464456358219,0.9165833060271602,0.18460493058919963,0.9258416588773681,0.7519543461726592,0.24616149313487715,0.16114994607333416,0.6804420356127401,0.6371025380825617,2.3841573864403696,0.6092878585581528,0.2078789659895787,1.4290164099526201,0.0987509537279121,0.28141914279498165,1.1261984607980893,1.2557170757188838,1.2737115515190243,0.23361157527481607,0.9648426911826874,1.351778781517384,0.6873548823504967,1.0243644739335507,2.0727735525014483,0.37979482375812085,0.4339808733301801,0.20907632333635218,0.6387674293864709,1.7734041403130256,0.5131695833484978,2.3787556340005467,0.7486665341255286,0.49439136093766517,0.5501333198144757,0.5175086550058435,0.48257677332345517,1.0951439185274365,82.80729761568435
2.6262626262626263,0.5226935420583172,1.460565130337541,0.8697702006046624,0.7463085735347609,0.7605181996075362,0.5998987505853225,1.826163796196407,0.7496123302503989,0.7088663181240336,0.4805856555680866,0.8027747781205594,0.3387348728980356,1.0046126225846221,1.120912728621196,0.6361360471259935,0.9314580762918174,0.11584698282787549,0.4401926237003862,1.5165081015013357,0.4785757824433387,3.592930225101869,0.15280780907143024,0.023877543774411696,0.5104622168196568,1.6567692575315545,0.27702154377046023,0.8338084777813117,0.9449560173809338,1.0056854957242902,0.37317838680216947,0.8090170079220557,1.202053064179045,1.3125245202882516,0.672881374192869,0.31611171392376514,1.010059359964089,0.46559258142629145,1.049104907558949,0.35329779332606104,0.8808505257511429,0.6575784745136342,0.32874063068246395,0.6170878904799562,0.864859978683863,0.9449984735193652,1.7475402271131977,0.8676622679950956,0.24857878291902877,0.5845117414802413,0.6476953279489861,0.21772458774939898,0.2999836433303204,0.18821582489316105,0.41975522421165934,0.5046788777375488,0.7032912611171622,1.4769224173792732,2.0534208531664584,0.4772857560347124,2.3223219263053245,2.278121728000605,0.9625291029406894,0.42708178859234575,0.16888431250208258,0.19481133430885808,0.72113925488741,0.33196713048663135,1.7888751654090773,0.22082630538432324,0.21794441609299214,0.6976103522590159,0.5637828555261398,0.3370979480588112,0.32559791614387973,0.708620492346073,1.1439912586209748,0.4573107399895083,1.1731043685316553,0.725844104737167,0.46101889884030245,0.3645229830172911,0.5144457509168471,0.9186546098103961,0.037191596759638984,0.8636188657659472,1.9300572157337432,1.4820221180818636,0.5674640821417672,0.5359323646626691,0.13966898652528614,0.48953674322194657,1.2228839223106447,1.735895418405447,2.758862717683084,0.5505984982375168,1.2170779492607096,0.367136533929031,0.21171050042360337,0.4653518195250849,0.6880315889399575,80.6934028415447
2.727272727272727,0.4607995341003017,1.0899192189199125,0.5296765600103953,0.4192984291968284,0.4915380425448705,0.15588712071970132,1.1722992281131843,0.49996933543932964,0.4263724446283827,0.5533201831224999,0.510761016322165,0.15222001502638996,0.9023608961847386,0.30663868020809887,0.5008235999922126,2.1142747989476134,0.36122414762736665,0.7127178378554969,0.4167795058584028,0.9461677825734028,1.0308643868176546,0.2285275231851327,0.6364471247254417,0.6173193177756183,0.7891202725212308,0.7312867895022721,0.13595982230025444,2.6003590297006256,1.830531179893317,0.4243209432633361,0.532477862349153,0.7160259340399123,0.20053154922446978,1.1364637993786957,0.43934354881583226,1.2359591732801756,0.1110524065539368,1.0237776886866607,0.2377001196938582,0.765485407388314,0.4602492921708105,1.1667071452631963,0.9408421383293493,0.701141159573874,0.37187037698909825,3.620426705048686,0.48972568548817264,0.4068342238382538,1.35252673348923,0.9585663706546591,0.49618884261364443,0.6983807842739971,0.7185821567067068,0.7312759719312373,0.513213796199552,0.42480648062646487,1.6606798681030843,0.6107837419273449,0.22264045823779,0.994961868361392,0.5155874725400363,0.9631578701974094,0.17017854059549362,0.9301843496045092,0.35202302177733436,0.4591297236206948,0.3357222666003399,0.33122378050000434,1.033370978241965,1.285513849324939,0.18313730042122434,0.8635786636622805,2.9373406334325076,0.6949310562058358,0.4281072869644731,0.46135357714563063,1.6715420902141664,0.37381832093285067,0.8833065236974006,0.2663681456910143,0.5488267909742142,0.364811762651116,0.852368932577838,0.32536864781858393,0.18954636570543587,0.1956427076254293,0.6481879938630417,0.7388741519441417,0.6619190860048464,1.4561915160342973,0.4684827013188915,1.13346059852077,0.9779420688179261,1.156421883882667,1.686520875085224,0.3615557302571895,0.5424746247024606,0.19242549906743073,0.2323989220108172,0.834990286356295,74.39499265290243
2.8282828282828283,0.03325948922399051,0.7381641953700672,1.3379202715913563,0.6944282039369669,0.9802123132325851,0.2841149587209117,0.9625107026081012,0.8977795778835539,1.3117662510270471,0.22924093743243928,0.36905228140588664,0.9540913303716835,0.3931545810220884,0.14612364167801584,1.1189061936383702,2.4608314774577877,0.8083419867212215,0.3021775718615473,0.4705214639122773,0.5544886393869894,0.6507426107747135,0.1977628107599703,1.2854572807026678,1.5694205266425727,1.0374707745344238,0.38571024279352895,0.3058184543305475,0.5485364256677286,0.43178311635682604,0.3622333689031849,1.9555125955020196,0.2371731309039949,0.45045986820246975,1.1208071817341017,0.3182199141140476,1.2014478121393501,0.4382626075788886,1.6972573154634636,0.4913545273749905,2.0415489908755697,0.2601475242795866,0.24707772118168217,0.33991651511054827,0.8831098612116104,0.39362648075165957,0.3609845914783395,0.5405912129639338,0.8394612539309376,0.5305173217476281,1.3485125269979683,0.7044324775923403,0.493578253684232,0.42804154077799317,0.27758479797637525,1.2465714375605221,0.7101253615798474,0.7979763416325131,0.8024634239462278,0.48452843015312913,0.23328890842770306,0.1642982619538197,0.46302034511446954,0.37275536918734553,1.1700639887246298,0.8278946994278181,1.4420835890160266,0.41557736011769103,0.32052794840482934,0.5039772450751816,1.22284298060006,1.3829922801211214,0.19730601772540388,1.3246091316601603,0.7998878960655664,0.5494252599102526,0.4695722100987513,0.33258565148469743,0.7702999881756235,1.2532469862067768,0.644934490865207,0.5876091267103137,0.9190380442340818,0.5201359290822366,0.9155023494230189,2.1275054203208965,2.0008455780741663,2.0656786288386195,1.3961147281232529,0.4470475794672237,1.8364916787922991,0.24499746303471448,0.9387523867314227,2.5836388291562664,0.16339518336392564,0.7541204553127815,0.25021088511826134,0.5084843218333887,1.275070518921378,0.42237703422033485,1.0899494266981287,79.37146887421487
2.929292929292929,0.12779427111415134,0.5908735974244349,0.3572014559261743,0.38001402671584006,0.5723984517563603,0.23267983126110497,0.6748341290605947,0.7950189253730264,0.5373603614838364,0.3550600775468664,0.5990874851439733,0.4610061504756129,1.6282280778162046,0.4504489237646049,0.6171445856058233,1.22077412504886,0.811344544083922,0.4312240068937232,0.06782579612814439,0.32834005147261613,0.7024950613460819,1.4607691275053694,1.066634289418443,0.5902389175368474,0.3256346915897896,0.8017589982472817,0.1843365481022087,0.36106800407081296,0.5690071538508364,1.394619270771347,0.4555751309030851,0.9718320119507625,0.42250784487350646,0.5327947832850233,1.0074938321503386,1.4903849466735324,0.3935518556007401,1.7238594287355014,1.2129144647184427,0.6848090181061793,1.478703322775726,0.4994731147468266,0.23134802128857537,0.5949839340642774,0.9054972797670284,0.41872366494636,0.5932958762110434,0.6041329378701704,1.00910938039648,0.48098839916495345,0.6748498135143325,0.2503553227967005,0.9569409305305888,0.4184171360575729,1.2547550016300884,0.7096269091922577,0.471624053278704,1.4038943709269778,2.1948741923105013,0.1634071386790342,0.3510997714033071,1.103003904713913,0.9076238017281786,0.27847003890191985,0.8061229865570905,1.3534673765606422,0.5674714090236853,0.6716436121501325,0.5678958568533297,0.4729949728081735,0.9468338097179702,0.46036787181741656,1.239201547900346,0.5337722577369106,0.3006120805766776,0.9702950383092269,1.5307667479266946,1.0948750538193646,0.5113118206409537,0.336916876070329,1.0433932867512035,0.926329407146526,0.8883192361841192,0.19384440978310935,1.155893968568455,0.664107399170586,0.7098117715739146,0.9755340381852781,0.6736238978577448,0.26991264698660805,0.1607503154344121,0.5546057768473488,1.2186156523948064,0.6321785116412252,0.3918323844624321,0.10186316454469668,0.4107991102330188,0.9734406993488725,0.8321992291759056,0.5332394855808289,71.22098628076756
3.0303030303030303,0.32737778916013877,0.6096963781896697,1.0260643495681439,0.5761174577860205,1.6023970215560126,0.7204728655964444,0.6946517938465651,0.656150378465399,0.39503550974424123,0.8419008386563579,1.0328380810683981,0.49556646835060403,0.9363365123298372,0.4674570559356389,0.09618369088635256,0.3873723937669265,0.8407963370088903,1.581160530878213,0.2538944827693377,0.6145685645921499,0.5582778018361131,0.31119057094734137,1.6072701411894685,1.0550795078664605,0.5818388415201396,0.39705728456282036,0.5796683553394489,0.6669863105247967,1.284124822328073,0.5806289874171865,1.8718724651748835,1.1399999857632581,0.9864189968406327,1.712408131647313,0.1755673760309432,0.8629219200535992,0.770993038298007,0.9838393906917408,1.1571071943193256,0.8842255211957353,0.8934372062420651,0.53107585180791,1.2830234518135126,0.7625059715133494,0.18433871739168167,0.8803555226963559,1.2648720694989155,0.1216454833809212,0.43395651044319283,0.21623168465757123,0.2799294591776206,2.426403540814146,1.1078270784060076,0.4054204350327224,0.42205041944548294,1.107867544194345,0.7269223633164292,0.18399493720685206,1.5468133229265668,0.6531383536231218,0.12855559819158496,0.5627873691459386,0.7797860902329921,0.05681709674357288,0.813911135875389,0.5757132363905617,0.6959838933930718,2.503948861242272,0.7709819714241605,0.2222207483261228,2.141630473750582,0.2075292438863688,0.33087888726883624,0.24187926575645508,0.7757805616734851,0.5829120939559467,1.2338071438102092,1.3971179411156236,0.6588773481915775,0.5109750713300926,0.5238434652921772,0.9929925647717569,1.3850540887151,0.5774702537777073,0.6014684622131086,0.5154333539584094,1.4632389193512765,0.15059396364652983,1.1554828400503707,0.4186215533320513,0.5385844471404981,0.557354013131272,0.7571323311561241,1.1268491816268724,0.13591644943326867,0.4277305591034084,0.7197912398079879,0.9427116562971819,1.9736728828960854,1.297949539944891,79.2093108646423
3.131313131313131,2.471772732219039,1.2002500658673758,1.040971068393627,0.8426218059637649,0.5784136427860304,0.6824844567619031,0.31985714260963993,0.7771026029843391,0.7683183913395775,0.6606478761977126,0.18646424062757364,0.6117382797380613,0.3713190640787671,0.71406440372842,0.5414600722909457,0.6417255863711995,0.48552224176843556,1.4155130758470622,0.22901831647181506,0.6728106258611305,0.5621088296071027,0.8128745182921279,1.2841407223074799,0.4538145659028245,1.0380512349230948,0.7401200683662325,0.08468389120789203,0.19032778121457822,0.31502095756270143,0.6090083824581206,0.9564900306292615,0.398469649472531,0.3918955581126799,0.23854767603693977,0.3018329851811347,0.8239763605781328,0.5058634107682758,1.252309653871705,0.290909338579987,2.259291411221963,0.23451373130817596,0.3449334132425777,0.9349686305593073,0.43651274053566785,1.0004064379721749,1.4878429982207415,1.0571433406773016,0.8642613358514312,0.4847469361082319,0.6411904790678058,0.6688729334498128,0.4847831770229422,0.7461487974876195,0.24558251968400935,0.2609022390032924,0.16658454858426489,0.6304831514695904,0.26306880523703885,0.6196325668835062,0.3153142751625248,0.27253270196033613,0.7846112444253123,0.3136642910509383,1.1377059486104562,0.12923718302937387,0.22467618320933316,0.1968202517226171,1.0939610772092925,0.5637480113480139,0.2729229195665065,0.46130951221372496,0.36889098003167886,1.2138236344313564,0.3216711245987359,0.5114788029663808,0.536852919558743,0.17331844844929536,0.22781854908327104,0.8306131602274093,1.2409546573060355,0.4051407020648811,0.27639160538687985,1.0726523135711057,1.4639231543723756,0.8829472464348871,0.6192940387300062,0.6449164223689844,0.9122519560345493,0.8270092293343735,0.6179051846836818,1.465549246489543,0.6860637560450699,1.2649230279012422,0.14670215548069054,0.405434830310904,0.5122896116313944,0.6652166886227467,0.4221105500033503,0.943907014915979,1.4059875358731226,67.12693364698377
3.2323232323232323,1.0196323934027314,0.07942412460164108,0.5608720945253578,0.9424470149077789,0.33298016233050215,0.29004756698442685,0.6643883970644526,0.169517518859978,2.4692004451159,1.923254907491551,0.4374407292405502,0.33200936393741054,0.5342484618606502,0.2988212142631793,0.8647560376920816,0.5826989921966867,1.1078049181118867,1.7626173683950364,0.40001578510562985,0.8415573277321153,0.7494856886981204,0.7687647045065262,0.7378391352938798,1.372391137971357,0.5720978523251764,0.39037923005636266,0.3799499438335477,0.6523080939542732,0.35055991297105726,0.5939285394233134,0.6921027959391443,0.8218035360279529,0.8310062292983346,0.6449857559059422,1.287619620600765,0.9929776317012423,1.7880431424558567,0.9050471602548458,0.49488168325809295,5.184740555661382,0.4747151391772891,0.8491831023869936,1.8322484290734942,0.21270699609105442,1.0176359882560342,0.12426155440358652,2.429046535406719,1.124849592002768,0.8180628984698869,0.7365596730873918,0.7356262785235991,0.4394407265717678,1.3630301159372022,0.30209655398948115,0.373299427806142,0.9369547391012822,1.5111482393211628,0.5226784296967174,0.6513046285046354,0.4627710574985454,0.561316283907639,2.468914987473965,2.3153970388457092,0.7465749920291507,0.6446485368605059,0.6888962733530158,0.43842900181402056,0.4317819313035803,0.4279092165585953,0.38719465603552256,0.13215427210730762,0.6039843111226126,1.9512572737884237,0.2159662058145366,0.6221720309035311,0.7817678839772538,0.8113470032133554,0.7849270626589802,0.9980979871786578,0.3251439807222005,0.9149519474535975,0.9334427695252191,0.28130150951664473,0.8712755573492988,0.8468176438396421,0.22490062773034572,0.7532963928076588,0.4309377399669484,1.0045046382694602,0.6735055265417895,1.1980947338529195,1.1888878313696125,2.0328130458997666,1.1473460443922376,3.033301734021003,1.1670461675784736,0.7548952865518016,0.29730976754613386,1.225359065924888,0.4382258467689149,88.49836208583743
3.3333333333333335,0.6240444777945503,0.20101281226905438,0.3448038630503011,0.12695604363694976,0.6494866583193525,0.6759437913896921,0.44950203910009723,0.5742999852729014,1.1045689094274538,0.5940309201827432,0.2876254786675754,0.6387004140064461,0.35429174849155975,0.7589755273424212,0.17042463846695394,0.7744188558426667,0.6011194852113955,0.4477086246246538,0.21813439813313032,0.6000367492267852,0.549057597149005,0.6223256012979207,0.7916828641704254,5.826207319317161,0.5963046892623032,0.1946518069792383,1.278703646686529,0.7583928992422435,0.958880113507688,0.53777932095094,0.5704259554994104,0.6283086004108518,1.2670942357902346,0.9299246889171711,0.5297432132021741,1.1238698506012454,0.6070276163465599,1.222890221552738,0.268284275089885,1.2411063061548295,0.8643326750904069,0.8364938978574911,1.5629571008043777,0.6505016445126997,0.8996978722855751,0.5998936693054867,0.27849951083893526,1.5032453817380624,0.6924895453531175,0.754770628076971,0.8317575498691587,0.6042345792197759,0.28154808391611413,1.2814182697827556,0.36968545396522745,1.8915056366508418,0.6257404521660447,0.5400300015851439,1.4253607275484221,0.997526812928962,0.8015445834024215,0.9328934175414453,0.8681325501020984,0.6840088164812657,0.3369206130368527,0.7373002850516464,1.7376640211182013,0.22237451242744444,0.1773913962801658,0.4874411906504742,0.3513663421885088,0.8860763623925462,0.7198265132595474,0.44076523715993166,1.172493264589756,0.28956651787217363,0.5229559465217991,1.5053485700022933,1.8841227061918946,0.33910824135192263,0.23323794531715125,1.3206252710938369,0.5667254144975608,0.16521708080940536,1.4619106257920977,0.7925256336671359,1.0098086365906562,0.49171946014966555,0.6561248437127638,0.6494916382984736,1.0089451063945465,0.442496022358477,1.041462564906506,0.9502268021951835,0.3574131854603058,0.685778530788631,1.5728221439325387,1.1083308956393878,0.406353239050855,0.7384784297964313,78.94743029415478
3.4343434343434343,0.2587164024094124,0.5281605888690372,0.16417021347409924,0.39999799112150924,0.49410656455909147,0.5778867643078521,0.43470178741891247,0.2638855035362353,0.41297728193477906,0.3660754113038841,0.2570631711112089,0.8258499211037738,0.8033986403269131,1.0598638741872395,1.3271922415134565,0.7129987178897503,0.7638026261441693,0.31116724238873267,0.45317991951147873,0.7276916426705773,0.4572987563257095,1.5499788346086594,0.49058745947196036,1.275969704544345,0.8399058386699285,0.19709766594476863,0.8588378855932405,0.7025749666265794,0.393627049259124,0.8740498753028874,0.5817037599511081,0.6308945054396444,0.5648375286150864,0.3374536813349195,0.10014647203455235,3.2752965708152826,0.549976713258362,0.5047859185263515,0.6768630597422374,0.40350616641326503,0.4061329989123396,0.693737448906552,1.0079689342402334,1.0901785024184618,0.15556935938091643,0.08455552189806285,0.3521059686181388,1.3563071085929963,0.6229345684002674,0.4555769726007494,1.340306533628519,0.8163169040020378,0.5016231411525583,0.15797187548557046,1.1902207662935735,0.5739817320317154,0.29273601465274357,0.5356078925973863,0.4036452890248427,3.0583152428595013,1.2981436041187455,0.018607793905881218,0.790161492944501,1.1129384900847097,0.4807062217873768,0.8736758434004552,1.2151163048611422,0.5272520474818235,0.3487572596025294,1.039904397279752,0.31370264252016594,0.5344928824043382,0.5406181688853914,0.1531877788520135,0.07310992022746023,0.16182963125686792,0.2840184405511923,1.17284568811643,1.2548902673829165,0.42830299639951325,0.5165682406006395,0.8394836599168491,1.2781786279271,0.6852574240464101,0.6920292148324557,0.7744863608496405,0.8065988757037178,0.4841110998098141,0.8629055079254893,0.548748719335,0.3602321547677043,0.7072625173882268,0.07146036076861523,0.36268590351047375,0.5435578947494331,0.4595759291904147,0.43307435176655323,0.15642315220584502,0.38446554109057357,0.5168591694728273,65.6102982718783
3.5353535353535355,0.37855713588460055,0.9300190487489307,0.5243771774039907,0.5975513797499218,4.3090257459527885,0.6829900010067267,0.222183855635986,0.6902043789598942,0.10163287284797383,0.33042898779603475,0.4490304880536643,0.9322512021655925,0.5462265755956095,2.4961097836114967,0.9733107723701985,0.9040022023905538,0.886601998492321,0.37791106710169375,1.055714628773867,0.5411047737432314,0.760524813203265,1.8367478607767496,0.07388502264960416,0.3274074097236558,0.8466980199280535,0.35405904934475224,0.16296314532827363,1.5205134353017074,0.5416275384040375,1.444185505981241,0.46240452435461665,0.4128801238712736,0.8918871164125255,0.6276607360025903,0.5896015549024555,1.9313593267816096,0.6949551271089244,0.9526035396695325,0.8616317504662125,0.5132442907467146,1.0788381253870478,0.24824929684263478,0.827469281949609,0.8604319175233447,0.6202597165614324,0.6676204928211191,1.2565399957161527,0.9445306609848472,0.6006809055775838,0.3818382511444754,0.6505276757030575,0.4954619462663507,0.6015062832979715,0.27858220996833255,2.2028894127306633,0.2683534931071758,0.7179590910801469,0.5535589924282158,0.21618703359507557,0.9168863221080122,0.75245792612829,0.883948168525564,1.4120235063275695,1.0654188455222113,0.36785351640656994,0.5872767248626096,0.5768559760878161,0.34423138161262473,0.5538050184135673,0.26850614638868203,0.05973547117061356,0.7163340171047863,0.9439024662472414,0.5270578119400092,0.33053486152840816,0.8672869705709387,0.3053138038200511,0.920505655513196,0.4693551926540999,1.0687121949108018,0.225696199855495,0.48761943473148534,0.6329479474238598,0.5253875378952434,0.6953586106860147,0.9472179063795575,0.8504760795994735,0.39766756169763534,1.1214486668329933,0.8998088210269051,0.15627100500345484,1.134018879347804,0.6586427185728255,0.2907799863159894,0.8182378310438023,0.566348691298137,3.654322776900507,1.6150960039974356,0.3515381754631665,0.27380969207461947,77.44825525391816
3.6363636363636362,0.7685664163965512,0.46092734591391366,1.3967236095755344,1.706673384608927,0.5857629493878224,0.8833073962025344,0.4158294872329423,0.5622581923825265,0.9146361494442405,0.255466100781998,0.9731466853140601,0.7033544223245518,0.6358189033902568,0.32426638047460116,0.9242168894482348,0.5580623195042403,0.7894101140161514,0.40056898382505757,1.5807565509269292,0.5845542989933944,1.084891755600555,0.46753984409169425,0.680536015870944,0.5737299009045207,0.5900824278431387,0.5065596447897487,0.6452401952229362,0.5861210111614613,0.2717429013252149,1.4693969489170633,0.24710956765617473,0.7200532604698099,1.1431861945898296,1.3873081409906933,1.963596752417635,5.8319226745980695,0.7757584898309352,1.0806337377076993,0.3531630536194724,1.2125557149357176,0.5612964273405846,1.889168086862267,1.1315902594526417,0.31672774627370637,1.0262632863515777,0.41720083901338156,1.1620790834250307,0.3361519258047615,0.8274446461927076,0.21155543480613181,0.048867470251193805,1.0245317588728218,0.9666326943971537,0.666556896791106,1.2082916273820714,0.8397245758057229,0.44621952122989017,0.6018537887293595,0.28260418656729286,0.19672661591949234,0.629241886400514,0.8609042568209432,0.39614002846189683,0.419032161105361,0.7239514479910988,0.6826309092257876,0.39960379927703926,0.5249370351530454,0.9375358931594941,0.4467430364840328,2.659186365832445,0.8874062970680253,1.114664957805105,0.43792069670968126,0.7323317550731606,0.9636514651933009,0.3079684974272969,0.3306545653824762,0.27282312387860264,0.9317963632940495,0.6561488365446243,0.4252941052916675,0.037739625874892956,0.7339072494874956,1.0200533159657605,1.5375674733487255,0.710359610643424,0.7259927763683565,0.1519215462561494,0.9486152079292361,0.48078132013097874,0.6024945251930989,0.5979401368461554,1.1002232801376142,1.2101854672542816,0.6108865882736088,3.059090194718366,1.0323685055729503,1.0522666318031,1.0635218034521041,83.59340442699265
3.7373737373737375,1.4926737932523728,1.492437013086398,0.8957726955258863,0.45872573098700586,0.8341913799161786,0.685578064594027,0.43133105443856357,0.8818018716261244,1.611024241873861,0.4888198746790505,0.7292846793710065,0.32646635124517664,1.0061325872111109,0.24202343988017566,0.42711302550799196,0.9825313433744813,0.6611748257514911,1.0881535067060948,1.6723751205141186,1.5259620218442984,1.1845048625421657,0.23799810214143616,1.02833965106566,0.6810320248259861,3.045817291119721,0.45701701926262506,0.26009159005035387,0.8996874276719746,0.4948398155204445,0.9587208059604923,0.611283902170389,0.335492635968738,1.220301216701155,1.748602500098561,0.5993750954461169,2.058383365899664,0.229431583528813,0.30474298264953964,0.24873666940700465,0.5804678936687523,0.4963317233306503,1.369942900857906,0.9977197023109982,0.41059272986076345,1.6897357327510172,0.3848325940072966,0.44106051930694673,0.17900026097820637,0.8174089063519876,1.2570408582665054,0.2355152033026695,0.7091932787575518,0.21811799819584546,0.35242084959805403,0.9019134726021153,0.11999417148339288,0.5515954990502845,0.31137093868689947,1.2599316176645634,0.23086141215829906,0.6229974282149678,1.5951068462155282,1.11322497149082,0.44376850180056915,0.52124809823438,0.954674622172072,0.8538214156721873,0.13940996088768992,0.9679596126940351,0.8866810617803338,0.6822751947571756,0.6952960574414745,1.1476635332250775,1.7226672754644383,1.0842141192213886,0.746343195846737,0.5185886266601154,1.174006486184249,0.6510647256670279,0.6845057490143112,0.5931533824071832,0.6040969798700773,0.7137224648460683,0.14896101006261347,2.6826617771479047,0.6378276241382324,0.9671522513184566,3.0629902021958757,0.5914786993119212,0.7402491390743482,0.7473482136042415,0.5564311219269248,0.06774319156090595,0.8882926300939347,0.9223573380847712,0.3791667192060438,1.8634181709649162,0.9053236749655639,0.8298410396426745,1.1688324777322934,84.32958501740647
3.8383838383838382,0.8338497425605684,0.8823278919931423,1.7895735539771847,1.2309949833494984,0.47624262866254896,0.6595438587991705,0.7575715804963563,0.43106610244203375,0.4014869246487334,0.9542396139984377,1.2198493034123825,0.1253770369488174,0.5103854984296071,0.5344145183080908,0.6972453347817081,0.6603653218066181,0.16095166310175568,1.1052402680498503,1.2335077919732962,1.4068052620131983,1.6214782890986126,0.890408179934128,0.9444186841928822,1.3712096131729838,0.5501387585731341,0.20315183905031595,0.3085280745037591,1.0503236121546007,0.6028814908953168,0.6128686395028085,1.6691887977003168,0.7365689133233806,0.413029444283966,1.1196765605880021,0.2998391821982149,2.943787122896276,0.6164650922663016,0.6507029779759185,0.6708302760340271,0.5196694475782665,0.4438630429743952,1.2914148806000092,0.4556690785774099,0.9325868898761603,0.5152044563685448,0.6315408395358285,1.1851745718264348,0.3300445078562431,0.5396071047260841,1.6096863991701353,0.5373844982409403,1.1417531551055,0.7418445479728555,0.573669802598663,0.49088459774930526,0.9841072230789433,0.5659299190866957,0.46331886144719253,0.2516287537212692,0.6602121676439339,0.655174369414562,0.42269299243429453,1.0229637503100197,1.1949008262644887,0.7071124461928415,0.8095713923603692,1.077582106305654,0.5388574233530198,0.7549984955619996,0.3638317416120459,0.39470021210785705,1.2152148349828331,1.200657551811766,2.0447784104819866,1.4909636929235575,0.642020086100211,0.31536858691135483,1.1911305978051383,1.4625827329968688,2.814261376401532,1.5922184907392696,1.800156636334125,0.2777612554122864,0.667655700757451,0.5202108514250972,1.3569511011499507,0.7018188853025542,1.6968426871496372,2.280473196314845,1.0034688741549773,0.8007393295051178,1.6548792709241114,0.9936434232044836,0.46964028748791015,0.5999599669296055,0.6221958388806319,0.5153108538528728,0.8802662067991766,0.38546889472442764,0.3757731287513575,87.72652767996503
3.9393939393939394,0.8666436027197904,0.4950389244909716,2.0225204185308367,0.2571806456971939,0.2958323802581206,0.8783737308052422,0.37741296744708736,0.7191662281413416,0.3076112406271307,1.474330787257172,0.7511957229007673,0.7353837513091882,1.010616935725945,0.2211987060215967,0.868564455738674,0.7946058468333553,0.43334729042002923,0.29272373200222124,1.7671324685114882,1.307940833545145,0.7940419647228426,0.6904627266565592,0.4438460518966102,0.47641567929723794,1.3755079531689045,0.5310292369959166,0.8027504433270177,0.4861334309663841,0.5702608671406909,2.2561804412352844,0.3709659871359133,0.8574891516153308,2.0513753099250356,1.8116077923808687,0.795066654650746,0.6895029974745749,0.5775605847924952,0.40099823180050986,0.24787303165365113,2.277482662169646,0.6008777871447353,0.7531260260074367,0.56164997419078,0.5441356241107131,0.8300188517615673,0.6740351705841102,0.4073486299021734,0.33107216166152315,0.7667364447012531,1.8884446231828214,0.998395097436429,0.9042689889702934,1.1270994907324283,2.6245373213700107,0.3773475367435736,0.3243519060368798,0.9337267114101798,0.45109516188837673,0.44296851964781664,1.595214150681356,0.7577669136398033,0.5627967588531334,0.6144535521562674,1.0724585645648772,0.27387792348201145,0.3826692441926023,0.7427607907854415,0.6616156757320968,0.5651608439310147,0.5778907114313555,0.6158729109272856,0.2730439927849568,0.9873291135198272,0.09870666521161937,0.5503573600876245,0.17402350028405014,0.20551379374557247,0.7813864740945786,1.2375221885989895,0.6397002044813639,0.19860628808055347,0.8989468565879104,0.3281062946293411,0.9275198859778593,0.12969473138911575,1.4219774355824506,0.9593338779723551,0.2161345737836885,1.7431926232146777,0.4498656958245053,0.3389815349654452,0.46913307840132895,3.599520764570529,0.7991035877689421,0.3165121076021372,0.6501490877746249,0.9547867196522979,0.5482099793139337,0.39810594431858315,0.526528182193673,79.1691384782624
4.040404040404041,0.63755342631932,0.23061073667150198,0.8987457263143949,0.5437623284100571,0.1730865891430031,0.789824252171308,1.0335894859104222,0.3894253762612887,0.12675205468592654,0.735343134062344,0.09646929126139304,0.19465837372523365,0.3921112232854261,2.1362111976922065,0.30982936606279193,0.5744844403716841,0.34132723040264495,0.6073536649044077,0.31537156501905167,0.4408502692710979,1.1282945682179017,0.304796662173512,0.38334673249383755,0.4929517094459058,0.45192706558916607,0.7858066171010433,0.3884340656021833,1.1877166884710824,0.23690516171621814,0.5268690974266975,0.29273787467538154,0.37398744515645066,2.305674082261453,0.4582293775806597,0.3986547732323455,1.1467930794344803,1.491013639293202,1.5604603886837731,0.5638486939779873,0.43911792199993865,0.31986082478979877,0.48676597497563023,0.8917906230559199,2.3052185433588925,1.625400098347892,1.7665694397489269,0.8891083170265773,0.7237186107876933,0.23867471350162925,0.8658395243360847,1.0573679082231708,1.2551482803578746,0.8219605765888813,0.25410288045309687,0.9263347125804583,0.8679395955413691,0.39395253063852165,0.06321592301282766,1.2546789167083774,0.5779744798161002,0.3234329718260202,0.3143762982420705,1.7944198393512767,0.8831133212920796,0.6516879844160847,0.5173691975099745,0.6921423276796106,0.19188055762455364,0.5825216765324307,0.26420003082447274,0.942778052965013,0.428281191346848,1.1551247079632578,1.4466432814296097,0.4673230260125145,0.23993704786840322,0.1006144283378488,0.4017618174095392,0.6808177140166067,1.798327291959506,0.6021448613692956,0.3519458594492651,0.8941881359632852,0.715198366405329,0.9493080453884857,0.9634715579467541,1.2417259974392665,0.7713770111546776,0.33835273768721624,0.36258863588974494,0.7424654517078737,0.8960843749257307,0.7033874542378699,0.8781632141697849,1.1525929793759235,0.2105982669144524,0.7664972373067868,0.6093980392837609,0.7175252055789672,0.4033200396915662,71.61763408682219
4.141414141414141,0.15109680803726436,0.33619882101456383,0.13170744626940528,0.5608907751993852,0.536719934747201,0.866784926156634,1.145532253404502,0.6629289329434003,0.25391299042823473,0.4500335052744063,0.27687160746737693,0.6366310607213223,0.4195531286742549,0.44827088278740834,1.2157453407737138,0.11086153194112607,0.6210011208323353,0.6722568598192135,1.719608758996628,0.2160317013796651,0.2965284712009031,0.4695975752113205,1.8386977967219587,1.0689953148925326,0.15434388211154598,0.6156721753492389,0.3377013482463616,1.5454915965338607,0.42683250609597423,1.5081199404403338,0.44672966218718935,0.7158177538823713,0.854037418109657,1.1036506405402484,0.7860211200449846,1.3616052752638548,2.051355903550584,2.6121745306468003,0.496668527837745,0.23342283530537214,0.6285175449519012,0.37632370486617794,0.8925241262196929,1.010450246271138,0.27221369557374997,1.596955338322508,0.46451200877042237,0.3135130285742415,0.7639912346385102,0.7109754945255747,0.6982045076349971,1.116924552801556,0.8559071475745037,0.34692091276858106,1.410489873812364,1.5908234913199364,0.5162561481072002,0.6439750969361746,0.7808842483883391,0.9917234308337376,0.1319398993460525,0.7027364273786125,0.20897147352371157,0.184762151747285,0.3984620028923344,0.5317383068768764,1.1842655868422005,0.38751508796586515,1.0031158785023768,0.2511455403320106,0.4249104440719699,1.4115698363935125,0.5167962020981811,2.04315477384671,0.6103796971076848,0.23026604963385627,0.4368231918049046,0.961111664742733,0.6030411845866147,0.3261001597061961,1.966476119130242,0.6456024782487112,1.6633190380787357,0.2201809960198499,0.7427287531855852,0.2881371690894903,0.6142686871231802,0.6988991880496982,1.0262140427380835,2.046553817649911,1.0330487012310348,0.6031707041871498,1.084313854043186,0.3102906541006061,1.3426023805714595,0.18225307421624606,1.9440496941829117,0.6618645616252752,0.9927282010426931,0.07436057953012984,77.02805674737608
4.242424242424242,0.13582701677028386,0.08849702207719153,0.29072404132890906,1.3091250760350495,0.8624780704392081,0.09617470484738369,0.4983198035382254,0.3270309113807081,0.7408179460465297,0.5286830437423022,0.4910758149528791,0.9572802124134053,0.7387063836191392,0.28535701443137423,0.20408166203692563,0.6513870615979043,1.566855202316511,1.132669917391669,0.914093135412239,2.969782307314232,0.4812943770951444,0.38075027939251166,1.0208188608460598,0.7165760195919558,0.6968652650665363,1.7728573386127757,0.5168202463522864,1.0207024917818643,1.020540162341101,0.6196175439042684,0.7223431164936556,0.9683476597370086,0.6154804733332818,0.3575757610048402,0.5793746295363058,1.6001177756571956,1.2818489272691365,3.9295752964297046,0.2503919653526567,0.66663868653128,0.2938315037416469,0.5307686717889871,1.1745155265026088,0.589239357370726,0.26314276278482307,0.7856334511399867,0.2931856721164544,0.3295381573413507,0.38072237773388573,0.9060353234715709,0.8581911066819055,1.5634451881414684,0.7933628824538255,0.350472315059838,0.7837999025296142,0.7195421581668282,1.0875250916968562,0.6292946677008934,0.3620396874967498,0.5434140522737935,1.1390602673378152,1.3715930163941379,2.6443093377320954,0.6876468688292463,0.3607270348223094,1.6314981485214823,0.6956622687622315,0.14157327494298513,0.7207888578123719,0.9610580655230253,0.6586356489601226,0.17695182412614688,0.9432848928101111,0.23450386651495492,0.3834854437339814,0.27377467513010545,0.649874518059196,1.0349497217542882,1.0657768228807583,0.9032755359913309,0.7818773581689075,0.7810201537334739,0.43727873778256365,0.9197922407920472,0.3870343972697975,0.7269142952530593,0.31079110143299765,0.7336745896629854,2.208003942285404,2.2301523987981717,0.7634135342144802,1.19956064897779,1.3142218100386382,0.35318671423979453,0.7627345794224784,0.161128243789179,0.31385614701465187,0.2627574260491771,0.3951936740031632,0.5497365447561339,79.51596170853907
4.343434343434343,0.4716232441718527,0.47316572099064,0.4716671281598907,0.4694611652558371,0.9002318076224045,1.3505085032144633,0.42141010037371524,0.4018391511001136,1.2054897775717028,0.3143044257724623,0.29786337320060513,0.9970799920675552,1.0735434302501232,0.2790557777921244,1.2191630028121805,0.29797174058801573,1.168330649032515,0.5040851785225648,0.5681242034190459,0.8775100121428732,1.2834648502974035,0.6533628587329317,0.5555726684780327,1.7882934406323483,1.467608103973707,1.4616115652180819,0.8628660794812737,0.6572517406771384,0.8794520974071143,0.25785954020184987,0.09158763801517052,2.3371238684235895,1.3379042990182233,0.6301150052568767,0.43358507404851326,1.0128785594134515,1.2085858023944889,1.4154045346182311,0.30212801502135306,2.4536866899622916,0.4724641336838198,1.1585318545998806,1.3740319444105575,1.0721329469633025,1.156085932720959,0.9838776117744258,0.8592959162483235,0.3238382461300945,1.0892104676436347,1.1612894747963998,1.4307212935627305,0.6196693771560655,0.9538663208873354,0.8740730515914087,0.620307380882889,2.6152551732808798,0.8002546973449124,0.35238677831039095,0.3428529658108435,0.6340747814138237,0.41652384043555263,0.4001591837395466,0.35703237647269426,1.441815524835249,0.712477459775905,0.7581513035620862,0.7324274053815746,0.8797025306563201,1.8735033275439592,0.8874774383292517,0.6352132478285067,0.9933801716953717,0.7719024728228567,0.379947470681635,0.10063195247353987,0.7293646486112089,0.5544767538968457,0.32654827008765,0.3244512049120858,1.000962540926702,0.3078747650034681,0.6551088395506555,0.22557688746696813,0.7694881296193984,1.2420121028374096,0.8647086453870001,0.7239275346419812,0.3503923125733547,0.6578915976518352,0.4509780100217249,1.9141384610446035,1.9928988897413051,1.1522143937942524,1.7468035760734126,0.6348165844552061,0.2925786149928911,0.3961602055443203,0.4574131794193754,0.3507933935248664,0.8396348806552715,84.04855129321327
4.444444444444445,0.5378617166340559,0.35859181763892706,0.35138437707031756,0.12675356073895136,1.293578687664924,0.5007283857843025,0.5753846236248671,0.6348394414727361,0.7112220452694871,0.4566306492878168,0.24237285451528223,0.10265677914684516,1.285435592420118,0.5629065196691545,0.6386981927742922,0.593168138756894,1.527492849348529,0.620158116095728,0.5287502710531207,0.39841437640078353,0.7147504697581069,0.41618996093328914,0.295879348850708,1.3741955105346793,1.8360832802098002,0.3891945495557347,1.368799948111734,0.19712845116177008,0.8018951442942466,0.5971581045529224,0.5701882154422125,0.4815071538923558,1.1074365972958613,0.5855352894228565,0.43343324257081495,0.7921525406340959,0.452039535747361,0.4297863322591956,0.37784945700659267,0.622288948945461,0.3064212540649783,1.9326555696229186,0.7696716574755332,2.328144295806612,1.1651700904816613,0.9448584454303288,2.081824700535333,0.7735377299753767,0.2614776777543936,1.5865657154023562,1.268065079140018,0.19361580268295533,0.5009015576499034,0.3403676868605437,1.2849614391134898,0.5400466186897208,0.7336352317109205,0.24072866215306354,0.9710673318594624,0.3973616272950466,0.24122714378663895,0.8630265914685297,0.3130904495077299,0.7870097368697683,0.6527386651249547,0.21324771237813428,0.3654413769343094,0.26576377736916906,0.4842405208397127,0.8982745955650323,0.08681205703088626,1.1961155797775904,0.8750679750180678,0.9532698673656071,0.8309684945279704,0.5104709455139301,0.7670521697170756,0.8414996707218273,0.8745566681116336,0.4048008049372405,1.724379678259603,0.7983295284585056,2.745771557917018,0.27052328200778236,0.40159892264788943,0.37356180748473866,0.532451342804347,0.5402928905015654,0.3064331950822697,0.6031114808565293,1.1914727971525065,2.659022194259792,0.7319720834822372,1.4193916255085681,0.2061976158867115,0.4354075797390006,1.1433196770818639,0.511163762195156,0.7911121193965819,0.7123956759033601,75.03418286944337
4.545454545454545,0.3016881427068363,1.144680308100492,1.1137629648363183,1.7010401024087862,0.1946907243953005,0.4764614024447825,0.9257965792717957,0.9612869544122703,0.21246086091740346,0.5948193566138243,0.019497313831734118,0.657445992597307,0.7664692877154896,0.40303942228664474,1.1251592577971232,0.4519095170957122,0.31103538783324103,0.4336043312793865,0.8069228640330371,0.38896715973259044,0.639936227754779,1.2016704322939835,1.4428072431042722,0.25332515289197766,1.176547614096931,0.7684008366036835,1.2670338343190883,1.5602069819376754,0.5607136015060009,0.21595029909938895,0.6094018582343472,0.6044481160513332,0.2812483033951016,0.9862970314203959,1.1789164127749525,1.5666429408482252,0.1424441063569801,0.4687352165197861,0.8246211109851205,0.9209147704754116,0.3908678711010778,1.0435297555584404,1.2060130692994373,0.4802121270965892,1.1239510102661685,0.3217702775430823,0.4245167852511078,0.925258607677852,1.0384302102707899,0.5414402374538437,0.6585099397879934,0.7794783670804551,0.8734416767329952,0.5546208909715931,1.6108345012601322,0.3789020162250125,0.6178236181786269,0.6279715944170879,0.5821343940972036,0.6210476531906111,0.8063327271569082,1.607126882323982,0.626941016675759,1.6299347643609656,0.6729452689261826,1.1520892349042704,0.3423335140009781,0.4017686713955342,0.3686058515594405,0.6566958694027518,1.0328049181481154,0.5355243761797015,0.488498390162416,0.32016122568371447,0.7165384079459409,0.9771369685634734,0.19460239751264527,1.1678814223930656,0.9185887625185529,0.5838919574444413,0.3719433259113725,1.1053814691316284,1.253398469413022,0.43367102157808207,0.6931477754783442,0.5048719506229301,0.5550664161070921,0.4065734263055851,0.038571438650787354,0.1350917266811847,0.2113295798773364,0.5352629522591087,1.2127490283170936,0.6139346754915302,0.9927207961440887,0.09526960003311187,0.4661493748266492,0.7931793162590952,1.1328783561174802,0.7411895114070451,71.95453746231101
4.646464646464646,0.44738861152325415,1.402804765502051,0.728357051898644,1.133940233750502,0.8997966315999081,1.0992528905974648,0.5142050997491405,0.5476016705044198,0.5117600030396003,0.2946183223077684,0.4674931792505954,0.6455096670969738,0.8122293358417003,0.39751443741774145,0.7601052962650053,0.2582378195887257,0.4021811830495859,0.35407855803218,0.24737884041499572,0.5357266460128203,1.2887675309864466,0.5003298547918656,1.5243806190817866,0.15201963872539065,0.570071283071426,0.5893209318728047,0.4136090088601877,0.3950522560170993,0.7857550869395566,1.0309820866791124,0.11746599895578931,0.33967891333327205,0.8743589786885436,0.8672103676957326,0.9277397734077628,1.2476167156511624,0.5846799600134529,0.3087932104540016,1.2274188354742763,0.9683126551454612,0.39509382245681285,1.2971448918976878,2.016646027097496,0.46842721721061853,0.924448896735563,0.21189266138418955,0.29170771187611977,0.6039153888221269,0.9984850149047079,0.8459652374412224,0.39304612899996383,0.40813683007847407,0.7394131216988892,1.4616890723403917,0.6580514885106037,0.3056799335551893,1.4335039086836423,1.207919076828461,0.06727962135126624,0.8167726211655929,0.5944114390697507,0.4328781710780766,0.5368184898665713,0.37979184995115667,0.5901195844746732,1.0517641777861424,0.7141927476647592,0.19250989593899326,3.153062483382325,1.597834413985013,0.1551460939732567,0.5170769540334851,0.6482629684037886,0.7069407334279871,0.9605286370804896,1.388904979457956,0.6104102707833452,0.7010799958045024,0.1261727594809332,0.7732135316533375,0.15254821452675496,0.7285700798926047,0.6038013642176452,1.1510739660807707,1.166140913235211,0.6196155713846483,0.5535309328817651,1.6630458438169295,0.7975974060004365,0.2496596068426043,0.601952677039524,0.887822285701587,1.9660242937091523,0.8439361872728006,0.40627110270233757,0.1959710025221935,0.1060569526590662,0.27299355775578404,0.6319377321996567,2.0728001101742897,74.22143260023951
4.747474747474747,0.12944135483462108,1.3705312807901144,0.10188452205802193,0.2466572261118271,0.439819783124195,0.997020856645329,0.7118070060816886,1.4191044196905314,0.7391541125585726,0.4105126868323729,0.49914544771038744,1.7532444891744596,1.010919441249187,1.3022538187728356,1.3758247708090363,0.6886020747228,1.17624603470812,0.4584540886580832,0.5279804986806059,0.8811841960469707,1.0448892219261838,2.0419039252623876,0.23513471905132477,0.7166411758411099,0.6372848434293152,0.6592916064411259,1.8005730128376836,1.1651569874755987,1.3973362908337772,0.9523589231744626,0.5314756970843614,0.72299542063956,1.744102057148583,0.3105375863568702,0.2873733806748221,0.7274478634312621,0.7356667264795308,1.2206438442435446,0.18957209224287655,0.37870312431148767,0.37224438914343927,0.26713995851508776,0.5002077056519574,0.6512519023203872,1.0503341493952034,0.6903186694956692,0.3883684206826761,0.2864244059137357,0.2325548831364146,0.5913816278324294,0.4212067722349674,0.9857161214380512,1.6037504191850287,1.0300981363604318,0.5178087238158652,0.5144825244017928,2.4646669457982133,0.19660660973592978,0.32524347349233673,2.0960234779540086,0.4796108301271588,0.7721072658617872,1.6977723854776605,0.17034899975757853,0.05573460651110496,0.8259582668820008,0.6460269618994494,0.7335860344155123,0.69063000790135,0.6147003276352271,0.5226911874227205,0.5343160183714973,1.0279831572407088,0.2725939025022558,0.9635780983848949,3.061619732000417,0.37761759488359103,0.7535158280998004,0.366843071286777,0.9663963703729443,0.7745344752689252,1.370346202032602,0.3398601999363779,1.8602146211271906,1.6459967260245427,0.28795881201873946,0.2811807239830681,0.4199750085305237,1.068705321720389,0.6444236570247112,0.4462934381009337,1.05244165041541,2.632009468458683,1.4238189591879304,0.5664969012845902,0.17020313894897973,0.21878684798090545,0.7521876154373797,0.608575548125947,0.733624374511808,81.75597026180331
4.848484848484849,0.5458788542972991,0.6883259622691317,1.2564835701123755,1.2807385287508113,0.7742045565709874,1.0962230147310557,0.366503976085459,1.7719037447734527,1.2379215717197989,0.2942673666632754,0.6011340481434947,0.7881522942830406,0.26997406240940025,0.9540496702725163,0.3538232307843524,0.7974404073897623,0.5965134581822915,0.4844877079576253,1.3619113361205626,0.3918495895633077,1.0542497374074795,1.1010107692919615,0.6040846150888938,0.9832135865160864,0.03363690364936416,0.24104762494782053,0.8726150606570654,0.39528953011690116,0.42376626899737185,2.157861772308711,0.37899444608536403,2.2152039169962467,2.358515932485063,0.20422623461867923,0.5576016973908413,0.49043661456137866,0.4171523676800363,0.8821466889005163,0.6062536392056344,0.4851710424889839,0.1545896920347778,0.13334960632761148,0.689125730522062,0.623981599734907,0.14788991376600308,0.1320069234051441,0.5994628334055325,0.9307069439466047,1.5677977171197397,1.4171097784384667,0.26113017572900926,0.6602397568986238,0.5029223273245844,0.3547589884714712,3.2556809680653935,0.39553207170771076,0.3350385671158893,0.280268575574915,0.6328267783616642,1.220555066777907,1.4760948021990805,0.8348714049011124,1.544153923121695,0.5924486254168596,0.4731329520887005,0.8000236334913993,0.9252115695772987,0.5127747635173581,0.14580169477179086,1.0095046808015973,0.6412961985330591,1.2767004480103026,0.5940443935152206,0.6028177352310006,0.8763405012735187,0.3212175753180907,0.4272682563389707,1.0620480348582066,0.651505683313992,0.6028183939060807,0.7240036995901802,0.9596719397740344,0.6653223248111225,0.2137573431908443,1.3338205312969462,0.3889785673947105,0.7660450128259523,0.3078023955253031,1.9751699175151196,0.4891288569180389,0.7944438853181506,0.3790236081813439,1.1366206055349195,0.6898964779094733,1.0171568239152897,0.32111268140064875,1.4607085675357034,0.4287890056734903,1.6815227222678473,0.222556261072948,77.9948459130398
4.94949494949495,0.4186264765927181,0.5364267605071575,0.3740103932114809,1.4204469412289655,1.0967462695427712,1.4606394391548203,1.5429925458810991,0.47131827054803455,0.4608386064938858,0.7056693304358814,0.38688153641554546,0.1832410941033237,1.046972212150434,0.4820397151815943,0.8079995232783548,0.7886100347786738,0.47267619069518374,0.5581864393265683,1.2283473024443874,0.37305269709926225,0.4506998909641922,2.6671751927609284,0.3886865158667447,0.03358965667991536,0.9288311797043862,0.20434918997389628,0.3547503781741502,1.141121234037949,1.1546119262015953,2.3279555337610383,0.5935012016335824,0.1471355953649092,0.6991291576878086,0.4224412580377738,0.5230277593761029,0.4133271224057995,0.13149391362634932,1.0232638796990334,0.8283539470502299,0.5503386296131888,0.34111945743238264,0.5683925819413543,0.7265311963283234,0.9839972402524046,0.11073608368170905,0.5548934561964702,0.41692198849730927,0.1641983383788355,1.432531514352049,1.1091047171313828,1.7694496510205737,0.6529647802202233,0.515490892117849,0.2687475043857751,1.3614973280095009,0.5164541447600942,0.31192251672123117,0.35581823597029183,1.746571284464109,1.0727377045990079,0.6008633763364696,0.43107564910806484,0.6526159246747283,1.0568366618853282,0.7674404342723897,1.8820275864937186,0.6220026620020638,0.115714295821543,0.367180356877513,0.5260520426276664,0.5858110762395157,1.5065833743144612,0.6566416987715376,0.47742252731811585,0.6691986968402208,0.01470439831474231,1.3637899517354701,1.1745038801219452,0.5448928506222119,0.7567410185025377,2.8537565496175015,1.0557871180975145,0.9397404655142076,0.7627612899441389,0.8631383740236359,0.6029389346474692,1.1764217618134947,0.7033875383565152,1.2666961393501237,0.7001832308691607,0.2578905054354773,0.08314633866253596,1.6758295850079377,2.0961863475801965,1.15215095159565,0.3273920455217003,0.9655564391470436,0.624532023854898,0.5042965597420066,0.39843246886377026,78.56190868867579
